,phase,character,idusers,idnetwork,hint_cloth,hint_col,hat_guess,shirt_guess,pant_guess,shoe_guess,glove_guess,hat,shirt,pant,shoe,glove,score_hat,score_shirt,score_pant,score_shoe,score_glove,score,num_corrects,num_mistakes,grey,winner,grp_act_num,grp_num_corrects,grp_num_mistakes,pos
1,1.0,Freddie,358,1,cappello,nero,9.0,5.0,4.0,7.0,8.0,9,5,4,7,8,10.0,10.0,10.0,10.0,10.0,50.0,5.0,0.0,0.0,1.0,5.0,25.0,0.0,a
3,1.0,Piergiorgio,603,1,guanti,bianco,10.0,10.0,2.0,10.0,8.0,1,2,2,4,8,0.0,0.0,10.0,0.0,10.0,20.0,2.0,0.0,3.0,1.0,5.0,11.0,2.0,a
8,1.0,Marshall,447,1,cappello,bianco,8.0,2.0,2.0,2.0,1.0,8,2,2,2,1,10.0,10.0,10.0,10.0,10.0,50.0,5.0,0.0,0.0,1.0,5.0,21.0,1.0,a
14,1.0,Alberto,184,1,guanti,blu,4.0,5.0,7.0,6.0,5.0,7,1,4,6,5,-5.0,-5.0,-5.0,10.0,10.0,5.0,2.0,3.0,0.0,0.0,5.0,16.0,8.0,a
18,1.0,Teseo,1417,1,cappello,arancione,2.0,3.0,1.0,7.0,8.0,2,4,1,7,8,10.0,-5.0,10.0,10.0,10.0,35.0,4.0,1.0,0.0,1.0,5.0,15.0,4.0,a
21,1.0,Cory,1115,1,cappello,nero,9.0,9.0,8.0,4.0,5.0,9,9,8,4,5,10.0,10.0,10.0,10.0,10.0,50.0,5.0,0.0,0.0,1.0,5.0,25.0,0.0,a
35,1.0,Marshall,445,1,scarpe,arancione,8.0,2.0,2.0,2.0,1.0,8,2,2,2,1,10.0,10.0,10.0,10.0,10.0,50.0,5.0,0.0,0.0,1.0,5.0,21.0,1.0,b
39,1.0,Alberto,896,1,felpa,rosso,4.0,1.0,7.0,6.0,5.0,7,1,4,6,5,-5.0,10.0,-5.0,10.0,10.0,20.0,3.0,2.0,0.0,0.0,5.0,16.0,8.0,b
49,1.0,Freddie,155,1,scarpe,violetto,9.0,5.0,4.0,7.0,8.0,9,5,4,7,8,10.0,10.0,10.0,10.0,10.0,50.0,5.0,0.0,0.0,1.0,5.0,25.0,0.0,b
51,1.0,Piergiorgio,613,1,pantaloni,arancione,10.0,10.0,2.0,10.0,8.0,1,2,2,4,8,0.0,0.0,10.0,0.0,10.0,20.0,2.0,0.0,3.0,1.0,5.0,11.0,2.0,b
59,1.0,Cory,1126,1,guanti,blu,9.0,9.0,8.0,4.0,5.0,9,9,8,4,5,10.0,10.0,10.0,10.0,10.0,50.0,5.0,0.0,0.0,1.0,5.0,25.0,0.0,b
63,1.0,Teseo,369,1,felpa,verde,2.0,4.0,10.0,10.0,10.0,2,4,1,7,8,10.0,10.0,0.0,0.0,0.0,20.0,2.0,0.0,3.0,0.0,5.0,15.0,4.0,b
65,1.0,Freddie,149,1,pantaloni,verde,9.0,5.0,4.0,7.0,8.0,9,5,4,7,8,10.0,10.0,10.0,10.0,10.0,50.0,5.0,0.0,0.0,1.0,5.0,25.0,0.0,c
77,1.0,Piergiorgio,160,1,cappello,rosso,1.0,10.0,10.0,4.0,10.0,1,2,2,4,8,10.0,0.0,0.0,10.0,0.0,20.0,2.0,0.0,3.0,1.0,5.0,11.0,2.0,c
79,1.0,Marshall,1244,1,pantaloni,arancione,10.0,2.0,2.0,10.0,10.0,8,2,2,2,1,0.0,10.0,10.0,0.0,0.0,20.0,2.0,0.0,3.0,0.0,5.0,21.0,1.0,c
90,1.0,Cory,908,1,scarpe,verde,9.0,9.0,8.0,4.0,5.0,9,9,8,4,5,10.0,10.0,10.0,10.0,10.0,50.0,5.0,0.0,0.0,1.0,5.0,25.0,0.0,c
91,1.0,Alberto,163,1,scarpe,celeste,4.0,5.0,7.0,10.0,5.0,7,1,4,6,5,-5.0,-5.0,-5.0,0.0,10.0,-5.0,1.0,3.0,1.0,0.0,5.0,16.0,8.0,c
95,1.0,Teseo,1591,1,scarpe,violetto,2.0,3.0,10.0,7.0,8.0,2,4,1,7,8,10.0,-5.0,0.0,10.0,10.0,25.0,3.0,1.0,1.0,0.0,5.0,15.0,4.0,c
101,1.0,Freddie,352,1,felpa,blu,9.0,5.0,4.0,7.0,8.0,9,5,4,7,8,10.0,10.0,10.0,10.0,10.0,50.0,5.0,0.0,0.0,1.0,5.0,25.0,0.0,d
106,1.0,Cory,909,1,pantaloni,bianco,9.0,9.0,8.0,4.0,5.0,9,9,8,4,5,10.0,10.0,10.0,10.0,10.0,50.0,5.0,0.0,0.0,1.0,5.0,25.0,0.0,d
112,1.0,Piergiorgio,612,1,felpa,arancione,8.0,2.0,2.0,8.0,8.0,1,2,2,4,8,-5.0,10.0,10.0,-5.0,10.0,20.0,3.0,2.0,0.0,1.0,5.0,11.0,2.0,d
118,1.0,Teseo,355,1,pantaloni,rosso,2.0,3.0,1.0,7.0,8.0,2,4,1,7,8,10.0,-5.0,10.0,10.0,10.0,35.0,4.0,1.0,0.0,1.0,5.0,15.0,4.0,d
123,1.0,Marshall,449,1,felpa,arancione,8.0,2.0,2.0,2.0,1.0,8,2,2,2,1,10.0,10.0,10.0,10.0,10.0,50.0,5.0,0.0,0.0,1.0,5.0,21.0,1.0,d
127,1.0,Alberto,913,1,cappello,violetto,7.0,1.0,4.0,6.0,5.0,7,1,4,6,5,10.0,10.0,10.0,10.0,10.0,50.0,5.0,0.0,0.0,1.0,5.0,16.0,8.0,d
132,1.0,Alberto,906,1,pantaloni,verde,7.0,1.0,4.0,6.0,5.0,7,1,4,6,5,10.0,10.0,10.0,10.0,10.0,50.0,5.0,0.0,0.0,1.0,5.0,16.0,8.0,e
139,1.0,Marshall,1253,1,guanti,rosso,8.0,2.0,2.0,1.0,1.0,8,2,2,2,1,10.0,10.0,10.0,-5.0,10.0,35.0,4.0,1.0,0.0,0.0,5.0,21.0,1.0,e
141,1.0,Piergiorgio,146,1,scarpe,verde,1.0,10.0,10.0,4.0,10.0,1,2,2,4,8,10.0,0.0,0.0,10.0,0.0,20.0,2.0,0.0,3.0,1.0,5.0,11.0,2.0,e
143,1.0,Cory,905,1,felpa,nero,9.0,9.0,8.0,4.0,5.0,9,9,8,4,5,10.0,10.0,10.0,10.0,10.0,50.0,5.0,0.0,0.0,1.0,5.0,25.0,0.0,e
151,1.0,Teseo,1599,1,guanti,bianco,2.0,3.0,10.0,10.0,8.0,2,4,1,7,8,10.0,-5.0,0.0,0.0,10.0,15.0,2.0,1.0,2.0,0.0,5.0,15.0,4.0,e
157,1.0,Freddie,360,1,guanti,bianco,9.0,5.0,4.0,7.0,8.0,9,5,4,7,8,10.0,10.0,10.0,10.0,10.0,50.0,5.0,0.0,0.0,1.0,5.0,25.0,0.0,e
160,1.0,Roger,901,2,felpa,giallo,7.0,3.0,5.0,1.0,9.0,7,3,5,1,9,10.0,10.0,10.0,10.0,10.0,50.0,5.0,0.0,0.0,1.0,5.0,25.0,0.0,a
161,1.0,Jeffrey,1259,2,felpa,giallo,3.0,3.0,7.0,6.0,2.0,3,3,7,6,2,10.0,10.0,10.0,10.0,10.0,50.0,5.0,0.0,0.0,1.0,5.0,25.0,0.0,a
164,1.0,Ben,411,2,guanti,giallo,9.0,8.0,5.0,1.0,3.0,9,3,6,9,3,10.0,-5.0,-5.0,-5.0,10.0,5.0,2.0,3.0,0.0,0.0,5.0,13.0,8.0,a
168,1.0,Johnnie,2114,2,pantaloni,celeste,9.0,10.0,6.0,10.0,9.0,9,6,6,3,9,10.0,0.0,10.0,0.0,10.0,30.0,3.0,0.0,2.0,0.0,5.0,14.0,0.0,a
169,1.0,Darren,1900,2,guanti,bianco,10.0,3.0,10.0,10.0,8.0,4,3,1,6,8,0.0,10.0,0.0,0.0,10.0,20.0,2.0,0.0,3.0,0.0,5.0,14.0,2.0,a
177,1.0,Clinton,929,2,pantaloni,bianco,2.0,1.0,8.0,4.0,1.0,2,1,8,4,1,10.0,10.0,10.0,10.0,10.0,50.0,5.0,0.0,0.0,1.0,5.0,21.0,0.0,a
182,1.0,Isaac,507,2,scarpe,celeste,3.0,1.0,9.0,6.0,7.0,7,2,2,6,9,-5.0,-5.0,-5.0,10.0,-5.0,-10.0,1.0,4.0,0.0,0.0,5.0,11.0,10.0,a
187,1.0,Mirco,2128,2,scarpe,rosso,7.0,6.0,4.0,1.0,3.0,7,6,4,1,3,10.0,10.0,10.0,10.0,10.0,50.0,5.0,0.0,0.0,1.0,5.0,24.0,1.0,a
190,1.0,Emiliano,1008,2,pantaloni,nero,3.0,1.0,9.0,3.0,4.0,3,6,9,8,9,10.0,-5.0,10.0,-5.0,-5.0,5.0,2.0,3.0,0.0,0.0,5.0,14.0,4.0,a
195,1.0,Mirco,2108,2,cappello,violetto,7.0,6.0,4.0,1.0,3.0,7,6,4,1,3,10.0,10.0,10.0,10.0,10.0,50.0,5.0,0.0,0.0,1.0,5.0,24.0,1.0,b
199,1.0,Jeffrey,348,2,cappello,giallo,3.0,3.0,7.0,6.0,2.0,3,3,7,6,2,10.0,10.0,10.0,10.0,10.0,50.0,5.0,0.0,0.0,1.0,5.0,25.0,0.0,b
201,1.0,Ben,378,2,cappello,nero,9.0,2.0,6.0,9.0,7.0,9,3,6,9,3,10.0,-5.0,10.0,10.0,-5.0,20.0,3.0,2.0,0.0,0.0,5.0,13.0,8.0,b
202,1.0,Darren,1759,2,felpa,giallo,10.0,3.0,1.0,6.0,10.0,4,3,1,6,8,0.0,10.0,10.0,10.0,0.0,30.0,3.0,0.0,2.0,0.0,5.0,14.0,2.0,b
210,1.0,Isaac,1301,2,felpa,arancione,10.0,2.0,10.0,10.0,10.0,7,2,2,6,9,0.0,10.0,0.0,0.0,0.0,10.0,1.0,0.0,4.0,0.0,5.0,11.0,10.0,b
213,1.0,Johnnie,2116,2,guanti,nero,10.0,10.0,10.0,10.0,9.0,9,6,6,3,9,0.0,0.0,0.0,0.0,10.0,10.0,1.0,0.0,4.0,0.0,5.0,14.0,0.0,b
215,1.0,Emiliano,1002,2,cappello,giallo,3.0,10.0,9.0,10.0,10.0,3,6,9,8,9,10.0,0.0,10.0,0.0,0.0,20.0,2.0,0.0,3.0,0.0,5.0,14.0,4.0,b
216,1.0,Clinton,918,2,cappello,arancione,2.0,1.0,8.0,4.0,1.0,2,1,8,4,1,10.0,10.0,10.0,10.0,10.0,50.0,5.0,0.0,0.0,1.0,5.0,21.0,0.0,b
219,1.0,Roger,907,2,cappello,violetto,7.0,3.0,5.0,1.0,9.0,7,3,5,1,9,10.0,10.0,10.0,10.0,10.0,50.0,5.0,0.0,0.0,1.0,5.0,25.0,0.0,b
235,1.0,Roger,904,2,guanti,nero,7.0,3.0,5.0,1.0,9.0,7,3,5,1,9,10.0,10.0,10.0,10.0,10.0,50.0,5.0,0.0,0.0,1.0,5.0,25.0,0.0,c
240,1.0,Clinton,174,2,scarpe,verde,10.0,1.0,10.0,4.0,1.0,2,1,8,4,1,0.0,10.0,0.0,10.0,10.0,30.0,3.0,0.0,2.0,0.0,5.0,21.0,0.0,c
241,1.0,Darren,1742,2,pantaloni,rosso,4.0,3.0,1.0,6.0,6.0,4,3,1,6,8,10.0,10.0,10.0,10.0,-5.0,35.0,4.0,1.0,0.0,1.0,5.0,14.0,2.0,c
248,1.0,Johnnie,2086,2,scarpe,giallo,9.0,6.0,10.0,3.0,10.0,9,6,6,3,9,10.0,10.0,0.0,10.0,0.0,30.0,3.0,0.0,2.0,0.0,5.0,14.0,0.0,c
249,1.0,Ben,713,2,felpa,giallo,1.0,5.0,6.0,9.0,1.0,9,3,6,9,3,-5.0,-5.0,10.0,10.0,-5.0,5.0,2.0,3.0,0.0,0.0,5.0,13.0,8.0,c
250,1.0,Jeffrey,1263,2,pantaloni,violetto,3.0,3.0,7.0,6.0,2.0,3,3,7,6,2,10.0,10.0,10.0,10.0,10.0,50.0,5.0,0.0,0.0,1.0,5.0,25.0,0.0,c
252,1.0,Emiliano,1118,2,guanti,nero,10.0,6.0,10.0,8.0,9.0,3,6,9,8,9,0.0,10.0,0.0,10.0,10.0,30.0,3.0,0.0,2.0,0.0,5.0,14.0,4.0,c
253,1.0,Mirco,2064,2,felpa,celeste,7.0,6.0,4.0,1.0,3.0,7,6,4,1,3,10.0,10.0,10.0,10.0,10.0,50.0,5.0,0.0,0.0,1.0,5.0,24.0,1.0,c
254,1.0,Isaac,675,2,pantaloni,arancione,7.0,1.0,2.0,8.0,9.0,7,2,2,6,9,10.0,-5.0,10.0,-5.0,10.0,20.0,3.0,2.0,0.0,1.0,5.0,11.0,10.0,c
263,1.0,Johnnie,2063,2,felpa,celeste,9.0,6.0,10.0,3.0,10.0,9,6,6,3,9,10.0,10.0,0.0,10.0,0.0,30.0,3.0,0.0,2.0,0.0,5.0,14.0,0.0,d
268,1.0,Mirco,2059,2,pantaloni,verde,5.0,6.0,4.0,1.0,3.0,7,6,4,1,3,-5.0,10.0,10.0,10.0,10.0,35.0,4.0,1.0,0.0,0.0,5.0,24.0,1.0,d
270,1.0,Jeffrey,367,2,scarpe,celeste,3.0,3.0,7.0,6.0,2.0,3,3,7,6,2,10.0,10.0,10.0,10.0,10.0,50.0,5.0,0.0,0.0,1.0,5.0,25.0,0.0,d
271,1.0,Darren,1670,2,cappello,verde,4.0,10.0,10.0,10.0,10.0,4,3,1,6,8,10.0,0.0,0.0,0.0,0.0,10.0,1.0,0.0,4.0,0.0,5.0,14.0,2.0,d
272,1.0,Emiliano,1132,2,felpa,celeste,10.0,6.0,10.0,8.0,9.0,3,6,9,8,9,0.0,10.0,0.0,10.0,10.0,30.0,3.0,0.0,2.0,0.0,5.0,14.0,4.0,d
274,1.0,Roger,998,2,scarpe,rosso,7.0,3.0,5.0,1.0,9.0,7,3,5,1,9,10.0,10.0,10.0,10.0,10.0,50.0,5.0,0.0,0.0,1.0,5.0,25.0,0.0,d
276,1.0,Clinton,171,2,felpa,rosso,10.0,1.0,10.0,4.0,1.0,2,1,8,4,1,0.0,10.0,0.0,10.0,10.0,30.0,3.0,0.0,2.0,0.0,5.0,21.0,0.0,d
279,1.0,Isaac,1120,2,guanti,nero,7.0,8.0,2.0,1.0,9.0,7,2,2,6,9,10.0,-5.0,10.0,-5.0,10.0,20.0,3.0,2.0,0.0,1.0,5.0,11.0,10.0,d
280,1.0,Ben,381,2,scarpe,nero,9.0,10.0,6.0,9.0,10.0,9,3,6,9,3,10.0,0.0,10.0,10.0,0.0,30.0,3.0,0.0,2.0,1.0,5.0,13.0,8.0,d
288,1.0,Emiliano,1114,2,scarpe,bianco,3.0,6.0,5.0,8.0,9.0,3,6,9,8,9,10.0,10.0,-5.0,10.0,10.0,35.0,4.0,1.0,0.0,1.0,5.0,14.0,4.0,e
290,1.0,Mirco,2117,2,guanti,giallo,7.0,6.0,4.0,1.0,3.0,7,6,4,1,3,10.0,10.0,10.0,10.0,10.0,50.0,5.0,0.0,0.0,1.0,5.0,24.0,1.0,e
293,1.0,Isaac,1273,2,cappello,violetto,7.0,1.0,2.0,8.0,9.0,7,2,2,6,9,10.0,-5.0,10.0,-5.0,10.0,20.0,3.0,2.0,0.0,1.0,5.0,11.0,10.0,e
299,1.0,Ben,383,2,pantaloni,celeste,9.0,10.0,6.0,9.0,10.0,9,3,6,9,3,10.0,0.0,10.0,10.0,0.0,30.0,3.0,0.0,2.0,1.0,5.0,13.0,8.0,e
302,1.0,Roger,991,2,pantaloni,blu,7.0,3.0,5.0,1.0,9.0,7,3,5,1,9,10.0,10.0,10.0,10.0,10.0,50.0,5.0,0.0,0.0,1.0,5.0,25.0,0.0,e
303,1.0,Clinton,928,2,guanti,rosso,2.0,1.0,8.0,4.0,1.0,2,1,8,4,1,10.0,10.0,10.0,10.0,10.0,50.0,5.0,0.0,0.0,1.0,5.0,21.0,0.0,e
305,1.0,Johnnie,2078,2,cappello,nero,9.0,6.0,6.0,3.0,10.0,9,6,6,3,9,10.0,10.0,10.0,10.0,0.0,40.0,4.0,0.0,1.0,1.0,5.0,14.0,0.0,e
312,1.0,Darren,1744,2,scarpe,celeste,4.0,3.0,1.0,6.0,2.0,4,3,1,6,8,10.0,10.0,10.0,10.0,-5.0,35.0,4.0,1.0,0.0,1.0,5.0,14.0,2.0,e
316,1.0,Jeffrey,351,2,guanti,arancione,3.0,3.0,7.0,6.0,2.0,3,3,7,6,2,10.0,10.0,10.0,10.0,10.0,50.0,5.0,0.0,0.0,1.0,5.0,25.0,0.0,e
320,1.0,Nicodemo,1993,3,cappello,rosso,1.0,3.0,7.0,7.0,3.0,1,3,7,7,8,10.0,10.0,10.0,10.0,-5.0,35.0,4.0,1.0,0.0,0.0,5.0,21.0,2.0,a
325,1.0,Federico,2099,3,scarpe,celeste,4.0,6.0,5.0,3.0,4.0,4,6,5,6,4,10.0,10.0,10.0,-5.0,10.0,35.0,4.0,1.0,0.0,1.0,5.0,18.0,4.0,a
330,1.0,Thomas,1873,3,cappello,giallo,3.0,4.0,4.0,5.0,1.0,3,4,4,5,1,10.0,10.0,10.0,10.0,10.0,50.0,5.0,0.0,0.0,1.0,5.0,25.0,0.0,a
331,1.0,Randall,2083,3,felpa,arancione,10.0,2.0,10.0,10.0,10.0,3,2,8,8,7,0.0,10.0,0.0,0.0,0.0,10.0,1.0,0.0,4.0,0.0,5.0,14.0,3.0,a
333,1.0,Giordano,147,3,pantaloni,violetto,5.0,3.0,7.0,9.0,1.0,5,3,7,9,1,10.0,10.0,10.0,10.0,10.0,50.0,5.0,0.0,0.0,1.0,5.0,25.0,0.0,a
336,1.0,Alessandro,1919,3,felpa,celeste,6.0,6.0,3.0,8.0,8.0,6,6,3,8,8,10.0,10.0,10.0,10.0,10.0,50.0,5.0,0.0,0.0,1.0,5.0,20.0,1.0,a
337,1.0,Guy,1258,3,felpa,celeste,10.0,4.0,5.0,10.0,10.0,2,6,9,5,6,0.0,-5.0,-5.0,0.0,0.0,-10.0,0.0,2.0,3.0,0.0,5.0,16.0,2.0,a
338,1.0,Harvey,21,3,cappello,nero,9.0,4.0,10.0,10.0,10.0,9,4,1,1,1,10.0,10.0,0.0,0.0,0.0,20.0,2.0,0.0,3.0,1.0,5.0,9.0,2.0,a
341,1.0,Giorgio,176,3,cappello,nero,9.0,10.0,3.0,7.0,8.0,9,3,3,7,8,10.0,0.0,10.0,10.0,10.0,40.0,4.0,0.0,1.0,1.0,5.0,17.0,2.0,a
342,1.0,Alvin,2106,3,pantaloni,rosso,8.0,10.0,1.0,6.0,8.0,8,8,1,6,8,10.0,0.0,10.0,10.0,10.0,40.0,4.0,0.0,1.0,1.0,5.0,13.0,6.0,a
345,1.0,Maurice,1964,3,pantaloni,violetto,6.0,4.0,7.0,1.0,2.0,6,5,7,9,8,10.0,-5.0,10.0,-5.0,-5.0,5.0,2.0,3.0,0.0,0.0,5.0,17.0,5.0,a
347,1.0,Carmine,386,3,felpa,rosso,1.0,1.0,5.0,8.0,9.0,1,1,4,8,6,10.0,10.0,-5.0,10.0,-5.0,20.0,3.0,2.0,0.0,0.0,5.0,13.0,3.0,a
349,1.0,Wade,963,3,scarpe,verde,6.0,10.0,4.0,4.0,10.0,6,4,4,4,2,10.0,0.0,10.0,10.0,0.0,30.0,3.0,0.0,2.0,1.0,5.0,14.0,0.0,a
354,1.0,Manolo,1706,3,cappello,bianco,8.0,5.0,3.0,3.0,4.0,8,5,3,7,4,10.0,10.0,10.0,-5.0,10.0,35.0,4.0,1.0,0.0,0.0,5.0,16.0,5.0,a
357,1.0,Alessandro,2048,3,scarpe,bianco,6.0,6.0,3.0,8.0,8.0,6,6,3,8,8,10.0,10.0,10.0,10.0,10.0,50.0,5.0,0.0,0.0,1.0,5.0,20.0,1.0,b
360,1.0,Wade,965,3,pantaloni,verde,6.0,10.0,4.0,4.0,10.0,6,4,4,4,2,10.0,0.0,10.0,10.0,0.0,30.0,3.0,0.0,2.0,1.0,5.0,14.0,0.0,b
363,1.0,Giorgio,182,3,guanti,bianco,9.0,10.0,3.0,7.0,8.0,9,3,3,7,8,10.0,0.0,10.0,10.0,10.0,40.0,4.0,0.0,1.0,1.0,5.0,17.0,2.0,b
364,1.0,Giordano,932,3,guanti,rosso,5.0,3.0,7.0,9.0,1.0,5,3,7,9,1,10.0,10.0,10.0,10.0,10.0,50.0,5.0,0.0,0.0,1.0,5.0,25.0,0.0,b
370,1.0,Guy,897,3,guanti,celeste,2.0,10.0,9.0,5.0,6.0,2,6,9,5,6,10.0,0.0,10.0,10.0,10.0,40.0,4.0,0.0,1.0,1.0,5.0,16.0,2.0,b
372,1.0,Federico,2107,3,cappello,verde,4.0,6.0,5.0,3.0,4.0,4,6,5,6,4,10.0,10.0,10.0,-5.0,10.0,35.0,4.0,1.0,0.0,1.0,5.0,18.0,4.0,b
373,1.0,Randall,2087,3,cappello,giallo,3.0,4.0,8.0,8.0,7.0,3,2,8,8,7,10.0,-5.0,10.0,10.0,10.0,35.0,4.0,1.0,0.0,1.0,5.0,14.0,3.0,b
374,1.0,Thomas,1720,3,pantaloni,verde,3.0,4.0,4.0,5.0,1.0,3,4,4,5,1,10.0,10.0,10.0,10.0,10.0,50.0,5.0,0.0,0.0,1.0,5.0,25.0,0.0,b
377,1.0,Harvey,10,3,felpa,verde,9.0,4.0,10.0,10.0,10.0,9,4,1,1,1,10.0,10.0,0.0,0.0,0.0,20.0,2.0,0.0,3.0,1.0,5.0,9.0,2.0,b
379,1.0,Maurice,1961,3,cappello,celeste,6.0,5.0,7.0,9.0,8.0,6,5,7,9,8,10.0,10.0,10.0,10.0,10.0,50.0,5.0,0.0,0.0,1.0,5.0,17.0,5.0,b
384,1.0,Alvin,2118,3,scarpe,celeste,8.0,10.0,1.0,6.0,8.0,8,8,1,6,8,10.0,0.0,10.0,10.0,10.0,40.0,4.0,0.0,1.0,1.0,5.0,13.0,6.0,b
388,1.0,Nicodemo,1940,3,scarpe,violetto,1.0,3.0,7.0,7.0,3.0,1,3,7,7,8,10.0,10.0,10.0,10.0,-5.0,35.0,4.0,1.0,0.0,0.0,5.0,21.0,2.0,b
389,1.0,Manolo,1892,3,scarpe,violetto,8.0,5.0,3.0,7.0,10.0,8,5,3,7,4,10.0,10.0,10.0,10.0,0.0,40.0,4.0,0.0,1.0,1.0,5.0,16.0,5.0,b
391,1.0,Carmine,393,3,scarpe,bianco,1.0,1.0,10.0,8.0,10.0,1,1,4,8,6,10.0,10.0,0.0,10.0,0.0,30.0,3.0,0.0,2.0,1.0,5.0,13.0,3.0,b
395,1.0,Giorgio,334,3,pantaloni,giallo,9.0,2.0,3.0,7.0,8.0,9,3,3,7,8,10.0,-5.0,10.0,10.0,10.0,35.0,4.0,1.0,0.0,0.0,5.0,17.0,2.0,c
400,1.0,Randall,2061,3,scarpe,bianco,10.0,10.0,10.0,8.0,10.0,3,2,8,8,7,0.0,0.0,0.0,10.0,0.0,10.0,1.0,0.0,4.0,0.0,5.0,14.0,3.0,c
401,1.0,Thomas,1960,3,guanti,rosso,3.0,4.0,4.0,5.0,1.0,3,4,4,5,1,10.0,10.0,10.0,10.0,10.0,50.0,5.0,0.0,0.0,1.0,5.0,25.0,0.0,c
402,1.0,Alvin,2072,3,cappello,bianco,8.0,10.0,6.0,10.0,8.0,8,8,1,6,8,10.0,0.0,-5.0,0.0,10.0,15.0,2.0,1.0,2.0,0.0,5.0,13.0,6.0,c
406,1.0,Federico,2089,3,guanti,verde,10.0,6.0,10.0,10.0,4.0,4,6,5,6,4,0.0,10.0,0.0,0.0,10.0,20.0,2.0,0.0,3.0,0.0,5.0,18.0,4.0,c
409,1.0,Guy,1261,3,scarpe,blu,2.0,10.0,9.0,5.0,6.0,2,6,9,5,6,10.0,0.0,10.0,10.0,10.0,40.0,4.0,0.0,1.0,1.0,5.0,16.0,2.0,c
410,1.0,Carmine,1264,3,guanti,celeste,10.0,10.0,4.0,10.0,6.0,1,1,4,8,6,0.0,0.0,10.0,0.0,10.0,20.0,2.0,0.0,3.0,0.0,5.0,13.0,3.0,c
413,1.0,Alessandro,1795,3,cappello,celeste,6.0,6.0,3.0,8.0,8.0,6,6,3,8,8,10.0,10.0,10.0,10.0,10.0,50.0,5.0,0.0,0.0,1.0,5.0,20.0,1.0,c
416,1.0,Maurice,1692,3,guanti,bianco,6.0,5.0,10.0,10.0,8.0,6,5,7,9,8,10.0,10.0,0.0,0.0,10.0,30.0,3.0,0.0,2.0,0.0,5.0,17.0,5.0,c
419,1.0,Nicodemo,1765,3,pantaloni,violetto,1.0,3.0,7.0,7.0,8.0,1,3,7,7,8,10.0,10.0,10.0,10.0,10.0,50.0,5.0,0.0,0.0,1.0,5.0,21.0,2.0,c
420,1.0,Harvey,1501,3,guanti,rosso,10.0,10.0,10.0,10.0,1.0,9,4,1,1,1,0.0,0.0,0.0,0.0,10.0,10.0,1.0,0.0,4.0,0.0,5.0,9.0,2.0,c
422,1.0,Giordano,922,3,scarpe,nero,5.0,3.0,7.0,9.0,1.0,5,3,7,9,1,10.0,10.0,10.0,10.0,10.0,50.0,5.0,0.0,0.0,1.0,5.0,25.0,0.0,c
423,1.0,Manolo,1756,3,guanti,verde,8.0,5.0,9.0,3.0,4.0,8,5,3,7,4,10.0,10.0,-5.0,-5.0,10.0,20.0,3.0,2.0,0.0,0.0,5.0,16.0,5.0,c
425,1.0,Wade,179,3,felpa,verde,10.0,4.0,10.0,10.0,2.0,6,4,4,4,2,0.0,10.0,0.0,0.0,10.0,20.0,2.0,0.0,3.0,0.0,5.0,14.0,0.0,c
430,1.0,Harvey,1415,3,scarpe,rosso,10.0,10.0,10.0,1.0,10.0,9,4,1,1,1,0.0,0.0,0.0,10.0,0.0,10.0,1.0,0.0,4.0,0.0,5.0,9.0,2.0,d
432,1.0,Federico,2115,3,pantaloni,blu,4.0,6.0,5.0,3.0,4.0,4,6,5,6,4,10.0,10.0,10.0,-5.0,10.0,35.0,4.0,1.0,0.0,1.0,5.0,18.0,4.0,d
433,1.0,Nicodemo,1784,3,guanti,bianco,1.0,3.0,7.0,7.0,8.0,1,3,7,7,8,10.0,10.0,10.0,10.0,10.0,50.0,5.0,0.0,0.0,1.0,5.0,21.0,2.0,d
439,1.0,Wade,959,3,cappello,celeste,6.0,10.0,4.0,4.0,10.0,6,4,4,4,2,10.0,0.0,10.0,10.0,0.0,30.0,3.0,0.0,2.0,1.0,5.0,14.0,0.0,d
440,1.0,Guy,1246,3,cappello,arancione,2.0,10.0,9.0,5.0,6.0,2,6,9,5,6,10.0,0.0,10.0,10.0,10.0,40.0,4.0,0.0,1.0,1.0,5.0,16.0,2.0,d
448,1.0,Carmine,1249,3,pantaloni,verde,10.0,10.0,4.0,10.0,6.0,1,1,4,8,6,0.0,0.0,10.0,0.0,10.0,20.0,2.0,0.0,3.0,0.0,5.0,13.0,3.0,d
450,1.0,Manolo,1976,3,felpa,blu,8.0,5.0,3.0,3.0,10.0,8,5,3,7,4,10.0,10.0,10.0,-5.0,0.0,25.0,3.0,1.0,1.0,0.0,5.0,16.0,5.0,d
453,1.0,Giorgio,189,3,scarpe,violetto,9.0,1.0,3.0,7.0,8.0,9,3,3,7,8,10.0,-5.0,10.0,10.0,10.0,35.0,4.0,1.0,0.0,0.0,5.0,17.0,2.0,d
454,1.0,Alvin,2068,3,felpa,bianco,9.0,6.0,9.0,8.0,8.0,8,8,1,6,8,-5.0,-5.0,-5.0,-5.0,10.0,-10.0,1.0,4.0,0.0,0.0,5.0,13.0,6.0,d
455,1.0,Giordano,156,3,felpa,giallo,5.0,3.0,7.0,9.0,1.0,5,3,7,9,1,10.0,10.0,10.0,10.0,10.0,50.0,5.0,0.0,0.0,1.0,5.0,25.0,0.0,d
457,1.0,Thomas,1879,3,felpa,verde,3.0,4.0,4.0,5.0,1.0,3,4,4,5,1,10.0,10.0,10.0,10.0,10.0,50.0,5.0,0.0,0.0,1.0,5.0,25.0,0.0,d
458,1.0,Alessandro,1948,3,guanti,bianco,2.0,10.0,10.0,10.0,10.0,6,6,3,8,8,-5.0,0.0,0.0,0.0,0.0,-5.0,0.0,1.0,4.0,0.0,5.0,20.0,1.0,d
461,1.0,Maurice,1678,3,scarpe,nero,6.0,5.0,7.0,9.0,8.0,6,5,7,9,8,10.0,10.0,10.0,10.0,10.0,50.0,5.0,0.0,0.0,1.0,5.0,17.0,5.0,d
463,1.0,Randall,2104,3,pantaloni,bianco,3.0,1.0,8.0,8.0,7.0,3,2,8,8,7,10.0,-5.0,10.0,10.0,10.0,35.0,4.0,1.0,0.0,1.0,5.0,14.0,3.0,d
465,1.0,Maurice,1918,3,felpa,blu,9.0,5.0,10.0,1.0,8.0,6,5,7,9,8,-5.0,10.0,0.0,-5.0,10.0,10.0,2.0,2.0,1.0,0.0,5.0,17.0,5.0,e
466,1.0,Randall,2094,3,guanti,violetto,3.0,9.0,8.0,8.0,7.0,3,2,8,8,7,10.0,-5.0,10.0,10.0,10.0,35.0,4.0,1.0,0.0,1.0,5.0,14.0,3.0,e
468,1.0,Wade,175,3,guanti,arancione,6.0,4.0,10.0,10.0,2.0,6,4,4,4,2,10.0,10.0,0.0,0.0,10.0,30.0,3.0,0.0,2.0,1.0,5.0,14.0,0.0,e
471,1.0,Manolo,1957,3,pantaloni,giallo,10.0,5.0,3.0,3.0,10.0,8,5,3,7,4,0.0,10.0,10.0,-5.0,0.0,15.0,2.0,1.0,2.0,0.0,5.0,16.0,5.0,e
472,1.0,Carmine,371,3,cappello,rosso,1.0,1.0,6.0,8.0,10.0,1,1,4,8,6,10.0,10.0,-5.0,10.0,0.0,25.0,3.0,1.0,1.0,0.0,5.0,13.0,3.0,e
473,1.0,Giorgio,99,3,felpa,giallo,10.0,3.0,10.0,10.0,10.0,9,3,3,7,8,0.0,10.0,0.0,0.0,0.0,10.0,1.0,0.0,4.0,0.0,5.0,17.0,2.0,e
475,1.0,Federico,2098,3,felpa,celeste,4.0,6.0,5.0,3.0,4.0,4,6,5,6,4,10.0,10.0,10.0,-5.0,10.0,35.0,4.0,1.0,0.0,1.0,5.0,18.0,4.0,e
477,1.0,Alessandro,1959,3,pantaloni,giallo,6.0,6.0,3.0,8.0,8.0,6,6,3,8,8,10.0,10.0,10.0,10.0,10.0,50.0,5.0,0.0,0.0,1.0,5.0,20.0,1.0,e
481,1.0,Alvin,2077,3,guanti,bianco,8.0,10.0,6.0,10.0,8.0,8,8,1,6,8,10.0,0.0,-5.0,0.0,10.0,15.0,2.0,1.0,2.0,0.0,5.0,13.0,6.0,e
485,1.0,Harvey,1518,3,pantaloni,rosso,9.0,4.0,1.0,8.0,8.0,9,4,1,1,1,10.0,10.0,10.0,-5.0,-5.0,20.0,3.0,2.0,0.0,1.0,5.0,9.0,2.0,e
488,1.0,Thomas,1771,3,scarpe,blu,3.0,4.0,4.0,5.0,1.0,3,4,4,5,1,10.0,10.0,10.0,10.0,10.0,50.0,5.0,0.0,0.0,1.0,5.0,25.0,0.0,e
489,1.0,Nicodemo,1769,3,felpa,giallo,1.0,3.0,10.0,7.0,10.0,1,3,7,7,8,10.0,10.0,0.0,10.0,0.0,30.0,3.0,0.0,2.0,0.0,5.0,21.0,2.0,e
491,1.0,Giordano,921,3,cappello,blu,5.0,3.0,7.0,9.0,1.0,5,3,7,9,1,10.0,10.0,10.0,10.0,10.0,50.0,5.0,0.0,0.0,1.0,5.0,25.0,0.0,e
492,1.0,Guy,912,3,pantaloni,nero,2.0,10.0,9.0,5.0,6.0,2,6,9,5,6,10.0,0.0,10.0,10.0,10.0,40.0,4.0,0.0,1.0,1.0,5.0,16.0,2.0,e
502,2.0,Marco,1817,1,cappello,violetto,7.0,6.0,3.0,7.0,9.0,7,6,3,7,9,10.0,10.0,10.0,10.0,10.0,50.0,5.0,0.0,0.0,1.0,5.0,23.0,0.0,a
504,2.0,Roy,1792,1,cappello,bianco,8.0,4.0,10.0,10.0,10.0,8,4,9,1,5,10.0,10.0,0.0,0.0,0.0,20.0,2.0,0.0,3.0,0.0,5.0,22.0,0.0,a
506,2.0,Attila,88,1,guanti,arancione,4.0,9.0,6.0,1.0,2.0,9,2,9,4,2,-5.0,-5.0,-5.0,-5.0,10.0,-10.0,1.0,4.0,0.0,0.0,5.0,11.0,6.0,a
507,2.0,Ercole,2013,1,guanti,violetto,2.0,5.0,6.0,9.0,7.0,4,6,9,6,7,-5.0,-5.0,-5.0,-5.0,10.0,-10.0,1.0,4.0,0.0,0.0,5.0,13.0,5.0,a
509,2.0,Gordon,234,1,scarpe,rosso,4.0,5.0,8.0,1.0,10.0,9,8,8,1,4,-5.0,-5.0,10.0,10.0,0.0,10.0,2.0,2.0,1.0,0.0,5.0,9.0,6.0,a
510,2.0,Domenico,1991,1,felpa,rosso,9.0,1.0,3.0,6.0,6.0,9,1,3,6,6,10.0,10.0,10.0,10.0,10.0,50.0,5.0,0.0,0.0,1.0,5.0,23.0,2.0,a
511,2.0,Mathew,2031,1,cappello,violetto,7.0,10.0,2.0,10.0,10.0,7,2,2,4,2,10.0,0.0,10.0,0.0,0.0,20.0,2.0,0.0,3.0,0.0,5.0,13.0,3.0,a
512,2.0,Biagio,87,1,guanti,bianco,10.0,10.0,10.0,10.0,8.0,3,9,5,6,8,0.0,0.0,0.0,0.0,10.0,10.0,1.0,0.0,4.0,0.0,5.0,11.0,2.0,a
514,2.0,Theodore,1680,1,scarpe,bianco,8.0,10.0,10.0,8.0,10.0,8,2,3,8,8,10.0,0.0,0.0,10.0,0.0,20.0,2.0,0.0,3.0,0.0,5.0,20.0,0.0,a
516,2.0,Randy,1007,1,scarpe,nero,10.0,10.0,10.0,9.0,10.0,7,4,1,9,3,0.0,0.0,0.0,10.0,0.0,10.0,1.0,0.0,4.0,0.0,5.0,11.0,4.0,a
517,2.0,Stephen,1932,1,pantaloni,violetto,10.0,5.0,7.0,10.0,10.0,7,5,7,7,8,0.0,10.0,10.0,0.0,0.0,20.0,2.0,0.0,3.0,0.0,5.0,16.0,4.0,a
518,2.0,Russell,1717,1,pantaloni,violetto,9.0,4.0,7.0,8.0,8.0,9,4,7,8,8,10.0,10.0,10.0,10.0,10.0,50.0,5.0,0.0,0.0,1.0,5.0,25.0,0.0,a
519,2.0,Gigi,341,1,felpa,blu,4.0,5.0,3.0,9.0,4.0,3,5,7,9,3,-5.0,10.0,-5.0,10.0,-5.0,5.0,2.0,3.0,0.0,0.0,5.0,18.0,4.0,a
523,2.0,Kyle,905,1,guanti,blu,10.0,10.0,8.0,10.0,5.0,6,5,8,5,5,0.0,0.0,10.0,0.0,10.0,20.0,2.0,0.0,3.0,0.0,5.0,13.0,0.0,a
530,2.0,Brent,334,1,felpa,rosso,2.0,1.0,9.0,4.0,5.0,1,1,7,5,5,-5.0,10.0,-5.0,-5.0,10.0,5.0,2.0,3.0,0.0,0.0,5.0,16.0,5.0,a
532,2.0,Bernard,1859,1,felpa,nero,1.0,9.0,7.0,4.0,3.0,1,9,7,4,3,10.0,10.0,10.0,10.0,10.0,50.0,5.0,0.0,0.0,1.0,5.0,20.0,0.0,a
534,2.0,Hector,2059,1,felpa,violetto,1.0,7.0,10.0,10.0,10.0,1,7,9,9,4,10.0,10.0,0.0,0.0,0.0,20.0,2.0,0.0,3.0,0.0,5.0,11.0,0.0,a
535,2.0,Felix,928,1,felpa,celeste,1.0,6.0,3.0,4.0,3.0,3,6,3,4,3,-5.0,10.0,10.0,10.0,10.0,35.0,4.0,1.0,0.0,0.0,5.0,15.0,7.0,a
536,2.0,Jay,2019,1,pantaloni,arancione,5.0,4.0,2.0,4.0,8.0,6,4,2,4,8,-5.0,10.0,10.0,10.0,10.0,35.0,4.0,1.0,0.0,0.0,5.0,22.0,1.0,a
539,2.0,Clifford,380,1,cappello,arancione,2.0,10.0,3.0,10.0,10.0,2,4,3,1,3,10.0,0.0,10.0,0.0,0.0,20.0,2.0,0.0,3.0,0.0,5.0,12.0,0.0,a
540,2.0,Leonard,1729,1,guanti,celeste,10.0,10.0,8.0,10.0,6.0,9,4,8,6,6,0.0,0.0,10.0,0.0,10.0,20.0,2.0,0.0,3.0,0.0,5.0,13.0,3.0,a
542,2.0,Attila,212,1,felpa,arancione,10.0,2.0,10.0,10.0,10.0,9,2,9,4,2,0.0,10.0,0.0,0.0,0.0,10.0,1.0,0.0,4.0,0.0,5.0,11.0,6.0,b
547,2.0,Stephen,1720,1,felpa,blu,10.0,5.0,7.0,7.0,10.0,7,5,7,7,8,0.0,10.0,10.0,10.0,0.0,30.0,3.0,0.0,2.0,0.0,5.0,16.0,4.0,b
550,2.0,Russell,1956,1,felpa,verde,9.0,4.0,7.0,8.0,8.0,9,4,7,8,8,10.0,10.0,10.0,10.0,10.0,50.0,5.0,0.0,0.0,1.0,5.0,25.0,0.0,b
551,2.0,Brent,293,1,pantaloni,violetto,1.0,10.0,7.0,10.0,10.0,1,1,7,5,5,10.0,0.0,10.0,0.0,0.0,20.0,2.0,0.0,3.0,0.0,5.0,16.0,5.0,b
552,2.0,Marco,1909,1,felpa,celeste,7.0,6.0,3.0,7.0,9.0,7,6,3,7,9,10.0,10.0,10.0,10.0,10.0,50.0,5.0,0.0,0.0,1.0,5.0,23.0,0.0,b
553,2.0,Mathew,1672,1,pantaloni,arancione,7.0,8.0,2.0,3.0,4.0,7,2,2,4,2,10.0,-5.0,10.0,-5.0,-5.0,5.0,2.0,3.0,0.0,0.0,5.0,13.0,3.0,b
555,2.0,Clifford,379,1,pantaloni,giallo,2.0,10.0,3.0,10.0,10.0,2,4,3,1,3,10.0,0.0,10.0,0.0,0.0,20.0,2.0,0.0,3.0,0.0,5.0,12.0,0.0,b
556,2.0,Bernard,2052,1,guanti,giallo,1.0,9.0,7.0,4.0,3.0,1,9,7,4,3,10.0,10.0,10.0,10.0,10.0,50.0,5.0,0.0,0.0,1.0,5.0,20.0,0.0,b
559,2.0,Hector,2061,1,cappello,rosso,1.0,7.0,10.0,10.0,10.0,1,7,9,9,4,10.0,10.0,0.0,0.0,0.0,20.0,2.0,0.0,3.0,0.0,5.0,11.0,0.0,b
561,2.0,Domenico,1941,1,scarpe,celeste,9.0,1.0,3.0,6.0,6.0,9,1,3,6,6,10.0,10.0,10.0,10.0,10.0,50.0,5.0,0.0,0.0,1.0,5.0,23.0,2.0,b
563,2.0,Theodore,1809,1,cappello,bianco,8.0,2.0,3.0,8.0,8.0,8,2,3,8,8,10.0,10.0,10.0,10.0,10.0,50.0,5.0,0.0,0.0,1.0,5.0,20.0,0.0,b
565,2.0,Felix,924,1,scarpe,verde,1.0,6.0,3.0,4.0,3.0,3,6,3,4,3,-5.0,10.0,10.0,10.0,10.0,35.0,4.0,1.0,0.0,0.0,5.0,15.0,7.0,b
566,2.0,Ercole,1926,1,felpa,celeste,10.0,6.0,6.0,10.0,7.0,4,6,9,6,7,0.0,10.0,-5.0,0.0,10.0,15.0,2.0,1.0,2.0,0.0,5.0,13.0,5.0,b
567,2.0,Biagio,810,1,pantaloni,blu,3.0,9.0,5.0,10.0,10.0,3,9,5,6,8,10.0,10.0,10.0,0.0,0.0,30.0,3.0,0.0,2.0,1.0,5.0,11.0,2.0,b
571,2.0,Kyle,910,1,pantaloni,bianco,10.0,10.0,8.0,10.0,5.0,6,5,8,5,5,0.0,0.0,10.0,0.0,10.0,20.0,2.0,0.0,3.0,0.0,5.0,13.0,0.0,b
574,2.0,Leonard,1775,1,pantaloni,bianco,2.0,5.0,8.0,3.0,6.0,9,4,8,6,6,-5.0,-5.0,10.0,-5.0,10.0,5.0,2.0,3.0,0.0,0.0,5.0,13.0,3.0,b
575,2.0,Jay,1971,1,felpa,verde,10.0,4.0,2.0,4.0,8.0,6,4,2,4,8,0.0,10.0,10.0,10.0,10.0,40.0,4.0,0.0,1.0,0.0,5.0,22.0,1.0,b
577,2.0,Roy,2000,1,felpa,verde,8.0,4.0,9.0,1.0,5.0,8,4,9,1,5,10.0,10.0,10.0,10.0,10.0,50.0,5.0,0.0,0.0,1.0,5.0,22.0,0.0,b
578,2.0,Gordon,105,1,pantaloni,bianco,10.0,10.0,8.0,1.0,10.0,9,8,8,1,4,0.0,0.0,10.0,10.0,0.0,20.0,2.0,0.0,3.0,1.0,5.0,9.0,6.0,b
579,2.0,Randy,992,1,cappello,violetto,7.0,2.0,6.0,1.0,4.0,7,4,1,9,3,10.0,-5.0,-5.0,-5.0,-5.0,-10.0,1.0,4.0,0.0,0.0,5.0,11.0,4.0,b
581,2.0,Gigi,21,1,cappello,giallo,3.0,10.0,7.0,9.0,3.0,3,5,7,9,3,10.0,0.0,10.0,10.0,10.0,40.0,4.0,0.0,1.0,1.0,5.0,18.0,4.0,b
585,2.0,Kyle,158,1,scarpe,blu,6.0,5.0,10.0,5.0,10.0,6,5,8,5,5,10.0,10.0,0.0,10.0,0.0,30.0,3.0,0.0,2.0,1.0,5.0,13.0,0.0,c
589,2.0,Felix,363,1,pantaloni,giallo,3.0,4.0,5.0,6.0,1.0,3,6,3,4,3,10.0,-5.0,-5.0,-5.0,-5.0,-10.0,1.0,4.0,0.0,0.0,5.0,15.0,7.0,c
590,2.0,Randy,897,1,pantaloni,rosso,10.0,4.0,1.0,10.0,3.0,7,4,1,9,3,0.0,10.0,10.0,0.0,10.0,30.0,3.0,0.0,2.0,1.0,5.0,11.0,4.0,c
593,2.0,Biagio,796,1,cappello,giallo,3.0,9.0,5.0,10.0,10.0,3,9,5,6,8,10.0,10.0,10.0,0.0,0.0,30.0,3.0,0.0,2.0,1.0,5.0,11.0,2.0,c
594,2.0,Attila,1116,1,pantaloni,nero,9.0,10.0,9.0,4.0,10.0,9,2,9,4,2,10.0,0.0,10.0,10.0,0.0,30.0,3.0,0.0,2.0,1.0,5.0,11.0,6.0,c
596,2.0,Leonard,1911,1,felpa,verde,9.0,4.0,10.0,6.0,10.0,9,4,8,6,6,10.0,10.0,0.0,10.0,0.0,30.0,3.0,0.0,2.0,1.0,5.0,13.0,3.0,c
597,2.0,Russell,1756,1,guanti,bianco,9.0,4.0,7.0,8.0,8.0,9,4,7,8,8,10.0,10.0,10.0,10.0,10.0,50.0,5.0,0.0,0.0,1.0,5.0,25.0,0.0,c
600,2.0,Jay,1689,1,cappello,celeste,6.0,4.0,2.0,4.0,8.0,6,4,2,4,8,10.0,10.0,10.0,10.0,10.0,50.0,5.0,0.0,0.0,1.0,5.0,22.0,1.0,c
601,2.0,Marco,1806,1,pantaloni,giallo,7.0,6.0,3.0,7.0,9.0,7,6,3,7,9,10.0,10.0,10.0,10.0,10.0,50.0,5.0,0.0,0.0,1.0,5.0,23.0,0.0,c
602,2.0,Bernard,1736,1,pantaloni,violetto,1.0,9.0,7.0,4.0,3.0,1,9,7,4,3,10.0,10.0,10.0,10.0,10.0,50.0,5.0,0.0,0.0,1.0,5.0,20.0,0.0,c
603,2.0,Clifford,917,1,scarpe,rosso,10.0,4.0,10.0,1.0,3.0,2,4,3,1,3,0.0,10.0,0.0,10.0,10.0,30.0,3.0,0.0,2.0,1.0,5.0,12.0,0.0,c
604,2.0,Roy,1960,1,pantaloni,nero,8.0,4.0,9.0,1.0,5.0,8,4,9,1,5,10.0,10.0,10.0,10.0,10.0,50.0,5.0,0.0,0.0,1.0,5.0,22.0,0.0,c
605,2.0,Stephen,1908,1,guanti,bianco,5.0,5.0,5.0,7.0,8.0,7,5,7,7,8,-5.0,10.0,-5.0,10.0,10.0,20.0,3.0,2.0,0.0,0.0,5.0,16.0,4.0,c
608,2.0,Hector,2119,1,scarpe,nero,10.0,10.0,9.0,9.0,4.0,1,7,9,9,4,0.0,0.0,10.0,10.0,10.0,30.0,3.0,0.0,2.0,1.0,5.0,11.0,0.0,c
610,2.0,Gordon,170,1,guanti,verde,10.0,8.0,10.0,10.0,4.0,9,8,8,1,4,0.0,10.0,0.0,0.0,10.0,20.0,2.0,0.0,3.0,1.0,5.0,9.0,6.0,c
614,2.0,Domenico,1781,1,pantaloni,giallo,9.0,1.0,3.0,6.0,5.0,9,1,3,6,6,10.0,10.0,10.0,10.0,-5.0,35.0,4.0,1.0,0.0,0.0,5.0,23.0,2.0,c
616,2.0,Gigi,386,1,guanti,giallo,3.0,10.0,7.0,9.0,3.0,3,5,7,9,3,10.0,0.0,10.0,10.0,10.0,40.0,4.0,0.0,1.0,1.0,5.0,18.0,4.0,c
617,2.0,Theodore,1990,1,pantaloni,giallo,10.0,2.0,3.0,10.0,8.0,8,2,3,8,8,0.0,10.0,10.0,0.0,10.0,30.0,3.0,0.0,2.0,0.0,5.0,20.0,0.0,c
618,2.0,Brent,367,1,guanti,blu,1.0,10.0,7.0,8.0,5.0,1,1,7,5,5,10.0,0.0,10.0,-5.0,10.0,25.0,3.0,1.0,1.0,0.0,5.0,16.0,5.0,c
620,2.0,Ercole,1886,1,pantaloni,nero,4.0,10.0,9.0,6.0,10.0,4,6,9,6,7,10.0,0.0,10.0,10.0,0.0,30.0,3.0,0.0,2.0,0.0,5.0,13.0,5.0,c
622,2.0,Mathew,1951,1,scarpe,verde,10.0,2.0,10.0,4.0,2.0,7,2,2,4,2,0.0,10.0,0.0,10.0,10.0,30.0,3.0,0.0,2.0,1.0,5.0,13.0,3.0,c
626,2.0,Randy,896,1,felpa,verde,10.0,4.0,1.0,10.0,3.0,7,4,1,9,3,0.0,10.0,10.0,0.0,10.0,30.0,3.0,0.0,2.0,1.0,5.0,11.0,4.0,d
628,2.0,Kyle,136,1,felpa,blu,6.0,5.0,10.0,5.0,10.0,6,5,8,5,5,10.0,10.0,0.0,10.0,0.0,30.0,3.0,0.0,2.0,1.0,5.0,13.0,0.0,d
629,2.0,Hector,2111,1,pantaloni,nero,10.0,10.0,9.0,10.0,4.0,1,7,9,9,4,0.0,0.0,10.0,0.0,10.0,20.0,2.0,0.0,3.0,0.0,5.0,11.0,0.0,d
630,2.0,Felix,348,1,guanti,giallo,1.0,10.0,10.0,10.0,3.0,3,6,3,4,3,-5.0,0.0,0.0,0.0,10.0,5.0,1.0,1.0,3.0,0.0,5.0,15.0,7.0,d
631,2.0,Attila,1126,1,scarpe,verde,9.0,3.0,9.0,4.0,8.0,9,2,9,4,2,10.0,-5.0,10.0,10.0,-5.0,20.0,3.0,2.0,0.0,0.0,5.0,11.0,6.0,d
636,2.0,Marco,1958,1,scarpe,violetto,10.0,10.0,3.0,7.0,9.0,7,6,3,7,9,0.0,0.0,10.0,10.0,10.0,30.0,3.0,0.0,2.0,0.0,5.0,23.0,0.0,d
637,2.0,Jay,1940,1,scarpe,verde,10.0,4.0,2.0,4.0,8.0,6,4,2,4,8,0.0,10.0,10.0,10.0,10.0,40.0,4.0,0.0,1.0,0.0,5.0,22.0,1.0,d
641,2.0,Mathew,1993,1,felpa,arancione,10.0,2.0,10.0,4.0,2.0,7,2,2,4,2,0.0,10.0,0.0,10.0,10.0,30.0,3.0,0.0,2.0,1.0,5.0,13.0,3.0,d
642,2.0,Gigi,387,1,scarpe,nero,3.0,10.0,7.0,9.0,3.0,3,5,7,9,3,10.0,0.0,10.0,10.0,10.0,40.0,4.0,0.0,1.0,1.0,5.0,18.0,4.0,d
644,2.0,Leonard,1861,1,scarpe,celeste,9.0,4.0,10.0,6.0,10.0,9,4,8,6,6,10.0,10.0,0.0,10.0,0.0,30.0,3.0,0.0,2.0,1.0,5.0,13.0,3.0,d
646,2.0,Ercole,1765,1,scarpe,celeste,4.0,10.0,9.0,6.0,10.0,4,6,9,6,7,10.0,0.0,10.0,10.0,0.0,30.0,3.0,0.0,2.0,0.0,5.0,13.0,5.0,d
648,2.0,Gordon,165,1,felpa,bianco,10.0,8.0,10.0,10.0,4.0,9,8,8,1,4,0.0,10.0,0.0,0.0,10.0,20.0,2.0,0.0,3.0,1.0,5.0,9.0,6.0,d
649,2.0,Biagio,2,1,scarpe,celeste,10.0,10.0,10.0,6.0,10.0,3,9,5,6,8,0.0,0.0,0.0,10.0,0.0,10.0,1.0,0.0,4.0,0.0,5.0,11.0,2.0,d
650,2.0,Clifford,921,1,felpa,verde,10.0,4.0,10.0,1.0,3.0,2,4,3,1,3,0.0,10.0,0.0,10.0,10.0,30.0,3.0,0.0,2.0,1.0,5.0,12.0,0.0,d
651,2.0,Bernard,1866,1,scarpe,verde,1.0,9.0,7.0,4.0,3.0,1,9,7,4,3,10.0,10.0,10.0,10.0,10.0,50.0,5.0,0.0,0.0,1.0,5.0,20.0,0.0,d
653,2.0,Theodore,1959,1,guanti,bianco,8.0,2.0,3.0,8.0,8.0,8,2,3,8,8,10.0,10.0,10.0,10.0,10.0,50.0,5.0,0.0,0.0,1.0,5.0,20.0,0.0,d
656,2.0,Roy,1706,1,scarpe,rosso,8.0,4.0,9.0,1.0,5.0,8,4,9,1,5,10.0,10.0,10.0,10.0,10.0,50.0,5.0,0.0,0.0,1.0,5.0,22.0,0.0,d
658,2.0,Brent,352,1,scarpe,blu,1.0,1.0,7.0,5.0,5.0,1,1,7,5,5,10.0,10.0,10.0,10.0,10.0,50.0,5.0,0.0,0.0,1.0,5.0,16.0,5.0,d
660,2.0,Russell,1972,1,scarpe,bianco,9.0,4.0,7.0,8.0,8.0,9,4,7,8,8,10.0,10.0,10.0,10.0,10.0,50.0,5.0,0.0,0.0,1.0,5.0,25.0,0.0,d
662,2.0,Domenico,1963,1,guanti,celeste,9.0,4.0,3.0,6.0,6.0,9,1,3,6,6,10.0,-5.0,10.0,10.0,10.0,35.0,4.0,1.0,0.0,0.0,5.0,23.0,2.0,d
665,2.0,Stephen,1744,1,cappello,violetto,7.0,6.0,2.0,7.0,8.0,7,5,7,7,8,10.0,-5.0,-5.0,10.0,10.0,20.0,3.0,2.0,0.0,0.0,5.0,16.0,4.0,d
668,2.0,Jay,1898,1,guanti,bianco,6.0,4.0,2.0,4.0,8.0,6,4,2,4,8,10.0,10.0,10.0,10.0,10.0,50.0,5.0,0.0,0.0,1.0,5.0,22.0,1.0,e
670,2.0,Biagio,194,1,felpa,nero,3.0,9.0,5.0,1.0,4.0,3,9,5,6,8,10.0,10.0,10.0,-5.0,-5.0,20.0,3.0,2.0,0.0,0.0,5.0,11.0,2.0,e
671,2.0,Mathew,1718,1,guanti,arancione,10.0,2.0,10.0,4.0,2.0,7,2,2,4,2,0.0,10.0,0.0,10.0,10.0,30.0,3.0,0.0,2.0,1.0,5.0,13.0,3.0,e
673,2.0,Clifford,927,1,guanti,giallo,10.0,10.0,10.0,1.0,3.0,2,4,3,1,3,0.0,0.0,0.0,10.0,10.0,20.0,2.0,0.0,3.0,0.0,5.0,12.0,0.0,e
676,2.0,Russell,1771,1,cappello,nero,9.0,4.0,7.0,8.0,8.0,9,4,7,8,8,10.0,10.0,10.0,10.0,10.0,50.0,5.0,0.0,0.0,1.0,5.0,25.0,0.0,e
679,2.0,Felix,358,1,cappello,giallo,3.0,6.0,3.0,4.0,3.0,3,6,3,4,3,10.0,10.0,10.0,10.0,10.0,50.0,5.0,0.0,0.0,1.0,5.0,15.0,7.0,e
681,2.0,Domenico,1873,1,cappello,nero,9.0,1.0,3.0,6.0,6.0,9,1,3,6,6,10.0,10.0,10.0,10.0,10.0,50.0,5.0,0.0,0.0,1.0,5.0,23.0,2.0,e
682,2.0,Theodore,1978,1,felpa,arancione,8.0,2.0,3.0,8.0,8.0,8,2,3,8,8,10.0,10.0,10.0,10.0,10.0,50.0,5.0,0.0,0.0,1.0,5.0,20.0,0.0,e
683,2.0,Kyle,156,1,cappello,celeste,6.0,5.0,10.0,5.0,10.0,6,5,8,5,5,10.0,10.0,0.0,10.0,0.0,30.0,3.0,0.0,2.0,1.0,5.0,13.0,0.0,e
684,2.0,Roy,1789,1,guanti,blu,8.0,4.0,9.0,1.0,5.0,8,4,9,1,5,10.0,10.0,10.0,10.0,10.0,50.0,5.0,0.0,0.0,1.0,5.0,22.0,0.0,e
685,2.0,Brent,347,1,cappello,rosso,1.0,1.0,7.0,8.0,5.0,1,1,7,5,5,10.0,10.0,10.0,-5.0,10.0,35.0,4.0,1.0,0.0,0.0,5.0,16.0,5.0,e
686,2.0,Gigi,378,1,pantaloni,violetto,3.0,4.0,7.0,9.0,3.0,3,5,7,9,3,10.0,-5.0,10.0,10.0,10.0,35.0,4.0,1.0,0.0,0.0,5.0,18.0,4.0,e
688,2.0,Randy,837,1,guanti,giallo,10.0,4.0,1.0,10.0,3.0,7,4,1,9,3,0.0,10.0,10.0,0.0,10.0,30.0,3.0,0.0,2.0,1.0,5.0,11.0,4.0,e
691,2.0,Attila,1118,1,cappello,nero,9.0,10.0,9.0,4.0,10.0,9,2,9,4,2,10.0,0.0,10.0,10.0,0.0,30.0,3.0,0.0,2.0,1.0,5.0,11.0,6.0,e
692,2.0,Marco,1998,1,guanti,nero,7.0,6.0,3.0,7.0,9.0,7,6,3,7,9,10.0,10.0,10.0,10.0,10.0,50.0,5.0,0.0,0.0,1.0,5.0,23.0,0.0,e
695,2.0,Leonard,1810,1,cappello,nero,9.0,4.0,10.0,6.0,10.0,9,4,8,6,6,10.0,10.0,0.0,10.0,0.0,30.0,3.0,0.0,2.0,1.0,5.0,13.0,3.0,e
698,2.0,Hector,2106,1,guanti,verde,10.0,10.0,10.0,9.0,4.0,1,7,9,9,4,0.0,0.0,0.0,10.0,10.0,20.0,2.0,0.0,3.0,0.0,5.0,11.0,0.0,e
699,2.0,Bernard,1903,1,cappello,rosso,10.0,10.0,10.0,10.0,10.0,1,9,7,4,3,0.0,0.0,0.0,0.0,0.0,0.0,0.0,0.0,5.0,0.0,5.0,20.0,0.0,e
700,2.0,Ercole,2058,1,cappello,verde,4.0,6.0,9.0,6.0,10.0,4,6,9,6,7,10.0,10.0,10.0,10.0,0.0,40.0,4.0,0.0,1.0,1.0,5.0,13.0,5.0,e
701,2.0,Stephen,1890,1,scarpe,violetto,7.0,5.0,7.0,7.0,8.0,7,5,7,7,8,10.0,10.0,10.0,10.0,10.0,50.0,5.0,0.0,0.0,1.0,5.0,16.0,4.0,e
707,2.0,Gordon,173,1,cappello,nero,9.0,1.0,3.0,5.0,7.0,9,8,8,1,4,10.0,-5.0,-5.0,-5.0,-5.0,-10.0,1.0,4.0,0.0,0.0,5.0,9.0,6.0,e
712,2.0,Harry,1879,2,scarpe,celeste,10.0,10.0,10.0,6.0,7.0,6,2,9,6,7,0.0,0.0,0.0,10.0,10.0,20.0,2.0,0.0,3.0,0.0,5.0,11.0,3.0,a
714,2.0,Daniel,1692,2,guanti,blu,10.0,10.0,10.0,3.0,10.0,9,9,8,3,5,0.0,0.0,0.0,10.0,0.0,10.0,1.0,0.0,4.0,0.0,5.0,9.0,2.0,a
715,2.0,Piero,2247,2,pantaloni,giallo,10.0,10.0,3.0,10.0,7.0,7,7,3,2,6,0.0,0.0,10.0,0.0,-5.0,5.0,1.0,1.0,3.0,0.0,5.0,15.0,1.0,a
717,2.0,Rafael,1287,2,felpa,violetto,10.0,7.0,1.0,10.0,10.0,3,7,1,1,3,0.0,10.0,10.0,0.0,0.0,20.0,2.0,0.0,3.0,1.0,5.0,7.0,0.0,a
718,2.0,Willard,965,2,cappello,rosso,1.0,6.0,9.0,8.0,3.0,1,1,9,8,3,10.0,-5.0,10.0,10.0,10.0,35.0,4.0,1.0,0.0,0.0,5.0,23.0,1.0,a
724,2.0,Clemente,2161,2,pantaloni,giallo,9.0,1.0,3.0,1.0,7.0,9,1,3,1,7,10.0,10.0,10.0,10.0,10.0,50.0,5.0,0.0,0.0,1.0,5.0,23.0,0.0,a
725,2.0,Joseph,1290,2,guanti,celeste,10.0,10.0,10.0,10.0,6.0,6,2,8,2,6,0.0,0.0,0.0,0.0,10.0,10.0,1.0,0.0,4.0,0.0,5.0,10.0,4.0,a
726,2.0,Giotto,912,2,pantaloni,nero,7.0,10.0,9.0,2.0,9.0,7,8,9,2,9,10.0,0.0,10.0,10.0,10.0,40.0,4.0,0.0,1.0,0.0,5.0,19.0,0.0,a
731,2.0,Dustin,1019,2,cappello,nero,9.0,10.0,10.0,10.0,10.0,9,4,8,6,5,10.0,0.0,0.0,0.0,0.0,10.0,1.0,0.0,4.0,1.0,5.0,5.0,1.0,a
732,2.0,Adriano,546,2,guanti,verde,10.0,10.0,3.0,10.0,4.0,4,8,3,6,4,0.0,0.0,10.0,0.0,10.0,20.0,2.0,0.0,3.0,0.0,5.0,13.0,0.0,a
734,2.0,Fred,1915,2,pantaloni,bianco,8.0,10.0,8.0,10.0,10.0,8,4,8,1,9,10.0,0.0,10.0,0.0,0.0,20.0,2.0,0.0,3.0,1.0,5.0,10.0,3.0,a
735,2.0,Ruben,1695,2,pantaloni,verde,6.0,2.0,4.0,6.0,1.0,6,2,4,6,1,10.0,10.0,10.0,10.0,10.0,50.0,5.0,0.0,0.0,1.0,5.0,21.0,0.0,a
738,2.0,Bobby,2254,2,felpa,celeste,10.0,6.0,10.0,6.0,10.0,2,6,6,6,7,0.0,10.0,0.0,10.0,0.0,20.0,2.0,0.0,3.0,0.0,5.0,13.0,0.0,a
739,2.0,Stefano,1987,2,scarpe,rosso,10.0,10.0,10.0,1.0,10.0,4,5,1,1,8,0.0,0.0,0.0,10.0,0.0,10.0,1.0,0.0,4.0,0.0,5.0,10.0,1.0,a
740,2.0,Andrea,1415,2,pantaloni,nero,10.0,10.0,9.0,10.0,10.0,3,7,9,7,4,0.0,0.0,10.0,0.0,0.0,10.0,1.0,0.0,4.0,0.0,5.0,11.0,3.0,a
743,2.0,Gabriele,1895,2,scarpe,rosso,6.0,6.0,3.0,1.0,2.0,6,6,3,1,2,10.0,10.0,10.0,10.0,10.0,50.0,5.0,0.0,0.0,1.0,5.0,21.0,2.0,a
747,2.0,Nelson,1925,2,felpa,bianco,7.0,8.0,10.0,8.0,6.0,7,8,6,8,6,10.0,10.0,0.0,10.0,10.0,40.0,4.0,0.0,1.0,1.0,5.0,14.0,5.0,a
750,2.0,Giocondo,2003,2,cappello,violetto,7.0,2.0,7.0,4.0,5.0,7,2,7,4,5,10.0,10.0,10.0,10.0,10.0,50.0,5.0,0.0,0.0,1.0,5.0,21.0,2.0,a
753,2.0,Piero,2256,2,felpa,violetto,10.0,7.0,3.0,10.0,10.0,7,7,3,2,6,0.0,10.0,10.0,0.0,0.0,20.0,2.0,0.0,3.0,0.0,5.0,15.0,1.0,b
756,2.0,Gabriele,2011,2,pantaloni,giallo,6.0,6.0,3.0,1.0,2.0,6,6,3,1,2,10.0,10.0,10.0,10.0,10.0,50.0,5.0,0.0,0.0,1.0,5.0,21.0,2.0,b
757,2.0,Joseph,1157,2,pantaloni,bianco,9.0,9.0,9.0,10.0,3.0,6,2,8,2,6,-5.0,-5.0,-5.0,0.0,-5.0,-20.0,0.0,4.0,1.0,0.0,5.0,10.0,4.0,b
758,2.0,Andrea,804,2,felpa,violetto,10.0,7.0,10.0,7.0,4.0,3,7,9,7,4,0.0,10.0,0.0,10.0,10.0,30.0,3.0,0.0,2.0,1.0,5.0,11.0,3.0,b
759,2.0,Adriano,542,2,pantaloni,giallo,10.0,10.0,3.0,10.0,4.0,4,8,3,6,4,0.0,0.0,10.0,0.0,10.0,20.0,2.0,0.0,3.0,0.0,5.0,13.0,0.0,b
761,2.0,Giocondo,1711,2,pantaloni,violetto,7.0,2.0,7.0,4.0,6.0,7,2,7,4,5,10.0,10.0,10.0,10.0,-5.0,35.0,4.0,1.0,0.0,0.0,5.0,21.0,2.0,b
766,2.0,Stefano,1784,2,pantaloni,rosso,10.0,10.0,1.0,1.0,10.0,4,5,1,1,8,0.0,0.0,10.0,10.0,0.0,20.0,2.0,0.0,3.0,0.0,5.0,10.0,1.0,b
767,2.0,Rafael,798,2,scarpe,rosso,10.0,10.0,10.0,1.0,10.0,3,7,1,1,3,0.0,0.0,0.0,10.0,0.0,10.0,1.0,0.0,4.0,0.0,5.0,7.0,0.0,b
768,2.0,Clemente,2176,2,cappello,nero,9.0,1.0,3.0,1.0,7.0,9,1,3,1,7,10.0,10.0,10.0,10.0,10.0,50.0,5.0,0.0,0.0,1.0,5.0,23.0,0.0,b
770,2.0,Dustin,991,2,scarpe,celeste,10.0,10.0,10.0,6.0,10.0,9,4,8,6,5,0.0,0.0,0.0,10.0,0.0,10.0,1.0,0.0,4.0,1.0,5.0,5.0,1.0,b
772,2.0,Ruben,1930,2,felpa,arancione,6.0,2.0,4.0,6.0,1.0,6,2,4,6,1,10.0,10.0,10.0,10.0,10.0,50.0,5.0,0.0,0.0,1.0,5.0,21.0,0.0,b
777,2.0,Giotto,913,2,scarpe,arancione,10.0,10.0,9.0,2.0,10.0,7,8,9,2,9,0.0,0.0,10.0,10.0,0.0,20.0,2.0,0.0,3.0,0.0,5.0,19.0,0.0,b
779,2.0,Willard,956,2,pantaloni,nero,1.0,1.0,9.0,10.0,3.0,1,1,9,8,3,10.0,10.0,10.0,0.0,10.0,40.0,4.0,0.0,1.0,0.0,5.0,23.0,1.0,b
780,2.0,Harry,1900,2,felpa,arancione,10.0,2.0,10.0,10.0,10.0,6,2,9,6,7,0.0,10.0,0.0,0.0,0.0,10.0,1.0,0.0,4.0,0.0,5.0,11.0,3.0,b
788,2.0,Daniel,1843,2,scarpe,giallo,10.0,10.0,10.0,3.0,10.0,9,9,8,3,5,0.0,0.0,0.0,10.0,0.0,10.0,1.0,0.0,4.0,0.0,5.0,9.0,2.0,b
789,2.0,Fred,1948,2,cappello,bianco,8.0,10.0,4.0,10.0,10.0,8,4,8,1,9,10.0,0.0,-5.0,0.0,0.0,5.0,1.0,1.0,3.0,0.0,5.0,10.0,3.0,b
791,2.0,Bobby,2251,2,scarpe,celeste,10.0,6.0,10.0,6.0,10.0,2,6,6,6,7,0.0,10.0,0.0,10.0,0.0,20.0,2.0,0.0,3.0,0.0,5.0,13.0,0.0,b
793,2.0,Nelson,1671,2,guanti,celeste,10.0,8.0,3.0,7.0,6.0,7,8,6,8,6,0.0,10.0,-5.0,-5.0,10.0,10.0,2.0,2.0,1.0,0.0,5.0,14.0,5.0,b
794,2.0,Nelson,1772,2,pantaloni,celeste,7.0,10.0,6.0,10.0,10.0,7,8,6,8,6,10.0,0.0,10.0,0.0,0.0,20.0,2.0,0.0,3.0,0.0,5.0,14.0,5.0,c
796,2.0,Giotto,445,2,guanti,nero,7.0,8.0,9.0,2.0,9.0,7,8,9,2,9,10.0,10.0,10.0,10.0,10.0,50.0,5.0,0.0,0.0,1.0,5.0,19.0,0.0,c
798,2.0,Harry,1996,2,guanti,violetto,6.0,3.0,8.0,6.0,7.0,6,2,9,6,7,10.0,-5.0,-5.0,10.0,10.0,20.0,3.0,2.0,0.0,0.0,5.0,11.0,3.0,c
803,2.0,Piero,2087,2,cappello,violetto,7.0,10.0,3.0,2.0,6.0,7,7,3,2,6,10.0,0.0,10.0,10.0,10.0,40.0,4.0,0.0,1.0,1.0,5.0,15.0,1.0,c
805,2.0,Clemente,2105,2,scarpe,rosso,9.0,1.0,3.0,1.0,7.0,9,1,3,1,7,10.0,10.0,10.0,10.0,10.0,50.0,5.0,0.0,0.0,1.0,5.0,23.0,0.0,c
806,2.0,Joseph,1132,2,cappello,celeste,6.0,2.0,10.0,2.0,10.0,6,2,8,2,6,10.0,10.0,0.0,10.0,0.0,30.0,3.0,0.0,2.0,1.0,5.0,10.0,4.0,c
807,2.0,Stefano,1682,2,felpa,blu,4.0,5.0,10.0,10.0,8.0,4,5,1,1,8,10.0,10.0,0.0,0.0,10.0,30.0,3.0,0.0,2.0,1.0,5.0,10.0,1.0,c
809,2.0,Giocondo,1980,2,scarpe,verde,10.0,2.0,7.0,4.0,5.0,7,2,7,4,5,0.0,10.0,10.0,10.0,10.0,40.0,4.0,0.0,1.0,0.0,5.0,21.0,2.0,c
814,2.0,Adriano,169,2,felpa,bianco,4.0,8.0,10.0,6.0,10.0,4,8,3,6,4,10.0,10.0,0.0,10.0,0.0,30.0,3.0,0.0,2.0,1.0,5.0,13.0,0.0,c
817,2.0,Gabriele,1924,2,cappello,celeste,6.0,6.0,8.0,3.0,2.0,6,6,3,1,2,10.0,10.0,-5.0,-5.0,10.0,20.0,3.0,2.0,0.0,0.0,5.0,21.0,2.0,c
818,2.0,Andrea,1506,2,scarpe,violetto,10.0,7.0,10.0,7.0,10.0,3,7,9,7,4,0.0,10.0,0.0,10.0,0.0,20.0,2.0,0.0,3.0,0.0,5.0,11.0,3.0,c
821,2.0,Bobby,2107,2,pantaloni,celeste,2.0,10.0,6.0,10.0,7.0,2,6,6,6,7,10.0,0.0,10.0,0.0,10.0,30.0,3.0,0.0,2.0,1.0,5.0,13.0,0.0,c
824,2.0,Ruben,1684,2,guanti,rosso,6.0,2.0,4.0,6.0,1.0,6,2,4,6,1,10.0,10.0,10.0,10.0,10.0,50.0,5.0,0.0,0.0,1.0,5.0,21.0,0.0,c
825,2.0,Fred,1938,2,guanti,nero,10.0,4.0,10.0,10.0,9.0,8,4,8,1,9,0.0,10.0,0.0,0.0,10.0,20.0,2.0,0.0,3.0,1.0,5.0,10.0,3.0,c
826,2.0,Willard,1121,2,scarpe,bianco,1.0,1.0,9.0,8.0,3.0,1,1,9,8,3,10.0,10.0,10.0,10.0,10.0,50.0,5.0,0.0,0.0,1.0,5.0,23.0,1.0,c
829,2.0,Rafael,1301,2,cappello,giallo,3.0,10.0,10.0,10.0,10.0,3,7,1,1,3,10.0,0.0,0.0,0.0,0.0,10.0,1.0,0.0,4.0,0.0,5.0,7.0,0.0,c
830,2.0,Dustin,336,2,pantaloni,bianco,10.0,10.0,8.0,10.0,10.0,9,4,8,6,5,0.0,0.0,10.0,0.0,0.0,10.0,1.0,0.0,4.0,1.0,5.0,5.0,1.0,c
832,2.0,Daniel,1795,2,cappello,nero,9.0,9.0,1.0,10.0,10.0,9,9,8,3,5,10.0,10.0,-5.0,0.0,0.0,15.0,2.0,1.0,2.0,0.0,5.0,9.0,2.0,c
840,2.0,Clemente,2102,2,guanti,violetto,9.0,1.0,3.0,1.0,7.0,9,1,3,1,7,10.0,10.0,10.0,10.0,10.0,50.0,5.0,0.0,0.0,1.0,5.0,23.0,0.0,d
841,2.0,Andrea,1476,2,cappello,giallo,3.0,5.0,3.0,1.0,4.0,3,7,9,7,4,10.0,-5.0,-5.0,-5.0,10.0,5.0,2.0,3.0,0.0,0.0,5.0,11.0,3.0,d
844,2.0,Fred,1770,2,felpa,verde,10.0,4.0,10.0,10.0,9.0,8,4,8,1,9,0.0,10.0,0.0,0.0,10.0,20.0,2.0,0.0,3.0,1.0,5.0,10.0,3.0,d
845,2.0,Bobby,2117,2,guanti,violetto,2.0,10.0,6.0,10.0,7.0,2,6,6,6,7,10.0,0.0,10.0,0.0,10.0,30.0,3.0,0.0,2.0,1.0,5.0,13.0,0.0,d
846,2.0,Piero,2101,2,guanti,celeste,7.0,10.0,3.0,2.0,6.0,7,7,3,2,6,10.0,0.0,10.0,10.0,10.0,40.0,4.0,0.0,1.0,1.0,5.0,15.0,1.0,d
852,2.0,Gabriele,1961,2,guanti,arancione,6.0,6.0,10.0,10.0,2.0,6,6,3,1,2,10.0,10.0,0.0,0.0,10.0,30.0,3.0,0.0,2.0,0.0,5.0,21.0,2.0,d
853,2.0,Daniel,1670,2,pantaloni,bianco,9.0,9.0,8.0,10.0,10.0,9,9,8,3,5,10.0,10.0,10.0,0.0,0.0,30.0,3.0,0.0,2.0,1.0,5.0,9.0,2.0,d
854,2.0,Adriano,176,2,cappello,verde,4.0,8.0,10.0,6.0,10.0,4,8,3,6,4,10.0,10.0,0.0,10.0,0.0,30.0,3.0,0.0,2.0,1.0,5.0,13.0,0.0,d
864,2.0,Joseph,1130,2,scarpe,arancione,6.0,2.0,10.0,2.0,10.0,6,2,8,2,6,10.0,10.0,0.0,10.0,0.0,30.0,3.0,0.0,2.0,1.0,5.0,10.0,4.0,d
865,2.0,Ruben,1844,2,scarpe,celeste,6.0,10.0,10.0,6.0,1.0,6,2,4,6,1,10.0,0.0,0.0,10.0,10.0,30.0,3.0,0.0,2.0,0.0,5.0,21.0,0.0,d
866,2.0,Dustin,10,2,felpa,verde,10.0,4.0,3.0,10.0,10.0,9,4,8,6,5,0.0,10.0,-5.0,0.0,0.0,5.0,1.0,1.0,3.0,0.0,5.0,5.0,1.0,d
867,2.0,Nelson,1979,2,cappello,violetto,7.0,8.0,10.0,8.0,6.0,7,8,6,8,6,10.0,10.0,0.0,10.0,10.0,40.0,4.0,0.0,1.0,1.0,5.0,14.0,5.0,d
868,2.0,Harry,1893,2,cappello,celeste,6.0,10.0,8.0,10.0,7.0,6,2,9,6,7,10.0,0.0,-5.0,0.0,10.0,15.0,2.0,1.0,2.0,0.0,5.0,11.0,3.0,d
869,2.0,Stefano,1745,2,cappello,verde,4.0,2.0,10.0,10.0,10.0,4,5,1,1,8,10.0,-5.0,0.0,0.0,0.0,5.0,1.0,1.0,3.0,0.0,5.0,10.0,1.0,d
870,2.0,Giotto,456,2,felpa,bianco,7.0,8.0,10.0,10.0,9.0,7,8,9,2,9,10.0,10.0,0.0,0.0,10.0,30.0,3.0,0.0,2.0,0.0,5.0,19.0,0.0,d
871,2.0,Giocondo,1885,2,felpa,arancione,10.0,2.0,7.0,4.0,5.0,7,2,7,4,5,0.0,10.0,10.0,10.0,10.0,40.0,4.0,0.0,1.0,0.0,5.0,21.0,2.0,d
876,2.0,Willard,1120,2,felpa,rosso,1.0,1.0,9.0,8.0,3.0,1,1,9,8,3,10.0,10.0,10.0,10.0,10.0,50.0,5.0,0.0,0.0,1.0,5.0,23.0,1.0,d
877,2.0,Rafael,815,2,guanti,giallo,10.0,10.0,10.0,10.0,3.0,3,7,1,1,3,0.0,0.0,0.0,0.0,10.0,10.0,1.0,0.0,4.0,0.0,5.0,7.0,0.0,d
878,2.0,Joseph,1115,2,felpa,arancione,6.0,2.0,10.0,2.0,10.0,6,2,8,2,6,10.0,10.0,0.0,10.0,0.0,30.0,3.0,0.0,2.0,1.0,5.0,10.0,4.0,e
879,2.0,Giocondo,2029,2,guanti,blu,6.0,2.0,7.0,4.0,5.0,7,2,7,4,5,-5.0,10.0,10.0,10.0,10.0,35.0,4.0,1.0,0.0,0.0,5.0,21.0,2.0,e
880,2.0,Giotto,462,2,cappello,violetto,7.0,8.0,9.0,2.0,9.0,7,8,9,2,9,10.0,10.0,10.0,10.0,10.0,50.0,5.0,0.0,0.0,1.0,5.0,19.0,0.0,e
881,2.0,Piero,2097,2,scarpe,arancione,7.0,10.0,3.0,2.0,6.0,7,7,3,2,6,10.0,0.0,10.0,10.0,10.0,40.0,4.0,0.0,1.0,1.0,5.0,15.0,1.0,e
882,2.0,Andrea,802,2,guanti,verde,10.0,7.0,10.0,7.0,4.0,3,7,9,7,4,0.0,10.0,0.0,10.0,10.0,30.0,3.0,0.0,2.0,1.0,5.0,11.0,3.0,e
883,2.0,Harry,1892,2,pantaloni,nero,6.0,10.0,9.0,10.0,7.0,6,2,9,6,7,10.0,0.0,10.0,0.0,10.0,30.0,3.0,0.0,2.0,1.0,5.0,11.0,3.0,e
892,2.0,Daniel,1724,2,felpa,nero,9.0,9.0,1.0,10.0,10.0,9,9,8,3,5,10.0,10.0,-5.0,0.0,0.0,15.0,2.0,1.0,2.0,0.0,5.0,9.0,2.0,e
894,2.0,Nelson,2050,2,scarpe,bianco,7.0,2.0,9.0,8.0,1.0,7,8,6,8,6,10.0,-5.0,-5.0,10.0,-5.0,5.0,2.0,3.0,0.0,0.0,5.0,14.0,5.0,e
895,2.0,Gabriele,1738,2,felpa,celeste,6.0,6.0,3.0,1.0,2.0,6,6,3,1,2,10.0,10.0,10.0,10.0,10.0,50.0,5.0,0.0,0.0,1.0,5.0,21.0,2.0,e
897,2.0,Rafael,1296,2,pantaloni,rosso,10.0,7.0,1.0,10.0,10.0,3,7,1,1,3,0.0,10.0,10.0,0.0,0.0,20.0,2.0,0.0,3.0,1.0,5.0,7.0,0.0,e
900,2.0,Adriano,174,2,scarpe,celeste,4.0,8.0,10.0,6.0,10.0,4,8,3,6,4,10.0,10.0,0.0,10.0,0.0,30.0,3.0,0.0,2.0,1.0,5.0,13.0,0.0,e
904,2.0,Bobby,2120,2,cappello,arancione,2.0,10.0,6.0,10.0,7.0,2,6,6,6,7,10.0,0.0,10.0,0.0,10.0,30.0,3.0,0.0,2.0,1.0,5.0,13.0,0.0,e
905,2.0,Willard,1114,2,guanti,giallo,1.0,1.0,9.0,8.0,3.0,1,1,9,8,3,10.0,10.0,10.0,10.0,10.0,50.0,5.0,0.0,0.0,1.0,5.0,23.0,1.0,e
906,2.0,Stefano,1891,2,guanti,bianco,4.0,5.0,10.0,10.0,8.0,4,5,1,1,8,10.0,10.0,0.0,0.0,10.0,30.0,3.0,0.0,2.0,1.0,5.0,10.0,1.0,e
911,2.0,Clemente,2094,2,felpa,rosso,10.0,1.0,10.0,1.0,7.0,9,1,3,1,7,0.0,10.0,0.0,10.0,10.0,30.0,3.0,0.0,2.0,0.0,5.0,23.0,0.0,e
913,2.0,Fred,1965,2,scarpe,rosso,3.0,4.0,2.0,1.0,9.0,8,4,8,1,9,-5.0,10.0,-5.0,10.0,10.0,20.0,3.0,2.0,0.0,1.0,5.0,10.0,3.0,e
914,2.0,Dustin,825,2,guanti,blu,10.0,10.0,10.0,10.0,5.0,9,4,8,6,5,0.0,0.0,0.0,0.0,10.0,10.0,1.0,0.0,4.0,1.0,5.0,5.0,1.0,e
916,2.0,Ruben,1950,2,cappello,celeste,6.0,10.0,10.0,6.0,1.0,6,2,4,6,1,10.0,0.0,0.0,10.0,10.0,30.0,3.0,0.0,2.0,0.0,5.0,21.0,0.0,e
923,2.0,Giancarlo,351,3,scarpe,celeste,2.0,7.0,5.0,6.0,2.0,2,7,5,6,2,10.0,10.0,10.0,10.0,10.0,50.0,5.0,0.0,0.0,1.0,5.0,25.0,0.0,a
924,2.0,Graziano,398,3,pantaloni,violetto,10.0,10.0,4.0,10.0,10.0,2,5,7,5,3,0.0,0.0,-5.0,0.0,0.0,-5.0,0.0,1.0,4.0,0.0,5.0,14.0,4.0,a
926,2.0,Franco,813,3,felpa,blu,5.0,5.0,5.0,6.0,3.0,5,5,5,6,2,10.0,10.0,10.0,10.0,-5.0,35.0,4.0,1.0,0.0,0.0,5.0,18.0,6.0,a
928,2.0,Danilo,2048,3,felpa,arancione,1.0,2.0,10.0,1.0,10.0,1,2,7,1,7,10.0,10.0,0.0,10.0,0.0,30.0,3.0,0.0,2.0,0.0,5.0,19.0,2.0,a
929,2.0,Raffaello,1773,3,scarpe,bianco,2.0,8.0,4.0,8.0,3.0,2,8,6,8,3,10.0,10.0,-5.0,10.0,10.0,35.0,4.0,1.0,0.0,0.0,5.0,21.0,1.0,a
931,2.0,Herbert,1501,3,guanti,arancione,10.0,10.0,10.0,10.0,2.0,6,5,7,2,2,0.0,0.0,0.0,0.0,10.0,10.0,1.0,0.0,4.0,0.0,5.0,11.0,4.0,a
932,2.0,Mark,369,3,guanti,celeste,1.0,10.0,6.0,8.0,6.0,1,7,6,8,6,10.0,0.0,10.0,10.0,10.0,40.0,4.0,0.0,1.0,1.0,5.0,16.0,7.0,a
933,2.0,Benjamin,1663,3,scarpe,bianco,8.0,1.0,1.0,8.0,2.0,8,1,1,8,2,10.0,10.0,10.0,10.0,10.0,50.0,5.0,0.0,0.0,1.0,5.0,25.0,0.0,a
935,2.0,Ray,922,3,guanti,celeste,3.0,3.0,9.0,2.0,6.0,3,3,9,2,6,10.0,10.0,10.0,10.0,10.0,50.0,5.0,0.0,0.0,1.0,5.0,25.0,0.0,a
936,2.0,Wesley,2180,3,cappello,giallo,3.0,2.0,5.0,8.0,8.0,3,2,5,8,8,10.0,10.0,10.0,10.0,10.0,50.0,5.0,0.0,0.0,1.0,5.0,21.0,0.0,a
938,2.0,Giacomo,2060,3,felpa,bianco,6.0,8.0,5.0,7.0,8.0,6,8,5,7,7,10.0,10.0,10.0,10.0,-5.0,35.0,4.0,1.0,0.0,0.0,5.0,20.0,4.0,a
939,2.0,Juri,2108,3,scarpe,nero,10.0,10.0,10.0,9.0,8.0,1,9,4,9,8,0.0,0.0,0.0,10.0,10.0,20.0,2.0,0.0,3.0,0.0,5.0,20.0,1.0,a
942,2.0,Joshua,557,3,guanti,giallo,4.0,1.0,10.0,3.0,3.0,4,1,7,3,3,10.0,10.0,0.0,10.0,10.0,40.0,4.0,0.0,1.0,1.0,5.0,20.0,1.0,a
944,2.0,Jeffery,556,3,felpa,arancione,7.0,2.0,5.0,10.0,5.0,7,2,5,7,5,10.0,10.0,10.0,0.0,10.0,40.0,4.0,0.0,1.0,0.0,5.0,24.0,0.0,a
947,2.0,Luis,2075,3,pantaloni,bianco,8.0,3.0,8.0,4.0,7.0,8,3,8,4,7,10.0,10.0,10.0,10.0,10.0,50.0,5.0,0.0,0.0,1.0,5.0,25.0,0.0,a
949,2.0,Seth,62,3,pantaloni,nero,8.0,3.0,9.0,7.0,9.0,8,3,9,7,9,10.0,10.0,10.0,10.0,10.0,50.0,5.0,0.0,0.0,1.0,5.0,25.0,0.0,a
950,2.0,Troy,356,3,cappello,violetto,5.0,10.0,10.0,9.0,10.0,7,6,9,9,4,-5.0,0.0,0.0,10.0,0.0,5.0,1.0,1.0,3.0,0.0,5.0,14.0,5.0,a
951,2.0,Giacinto,915,3,felpa,rosso,5.0,1.0,9.0,3.0,1.0,5,1,9,3,1,10.0,10.0,10.0,10.0,10.0,50.0,5.0,0.0,0.0,1.0,5.0,25.0,0.0,a
955,2.0,Virgil,2093,3,guanti,celeste,10.0,10.0,10.0,10.0,6.0,3,1,2,4,6,0.0,0.0,0.0,0.0,10.0,10.0,1.0,0.0,4.0,0.0,5.0,10.0,0.0,a
957,2.0,Ian,1888,3,felpa,arancione,1.0,2.0,4.0,9.0,1.0,1,2,7,8,2,10.0,10.0,-5.0,-5.0,-5.0,5.0,2.0,3.0,0.0,0.0,5.0,19.0,6.0,a
958,2.0,Emilio,671,3,cappello,giallo,3.0,4.0,5.0,9.0,1.0,3,5,6,6,2,10.0,-5.0,-5.0,-5.0,-5.0,-10.0,1.0,4.0,0.0,0.0,5.0,10.0,8.0,a
960,2.0,Roland,1300,3,scarpe,bianco,5.0,10.0,10.0,8.0,6.0,1,5,3,8,6,-5.0,0.0,0.0,10.0,10.0,15.0,2.0,1.0,2.0,0.0,5.0,13.0,1.0,a
962,2.0,Rosario,1777,3,scarpe,giallo,4.0,3.0,6.0,3.0,1.0,4,3,6,3,1,10.0,10.0,10.0,10.0,10.0,50.0,5.0,0.0,0.0,1.0,5.0,24.0,0.0,a
966,2.0,Troy,360,3,scarpe,nero,7.0,6.0,9.0,9.0,10.0,7,6,9,9,4,10.0,10.0,10.0,10.0,0.0,40.0,4.0,0.0,1.0,1.0,5.0,14.0,5.0,b
967,2.0,Ray,934,3,cappello,giallo,3.0,3.0,9.0,2.0,6.0,3,3,9,2,6,10.0,10.0,10.0,10.0,10.0,50.0,5.0,0.0,0.0,1.0,5.0,25.0,0.0,b
970,2.0,Herbert,1591,3,felpa,blu,7.0,5.0,2.0,9.0,6.0,6,5,7,2,2,-5.0,10.0,-5.0,-5.0,-5.0,-10.0,1.0,4.0,0.0,0.0,5.0,11.0,4.0,b
974,2.0,Giancarlo,355,3,guanti,arancione,2.0,7.0,5.0,6.0,2.0,2,7,5,6,2,10.0,10.0,10.0,10.0,10.0,50.0,5.0,0.0,0.0,1.0,5.0,25.0,0.0,b
975,2.0,Ian,1985,3,cappello,rosso,1.0,2.0,4.0,9.0,1.0,1,2,7,8,2,10.0,10.0,-5.0,-5.0,-5.0,5.0,2.0,3.0,0.0,0.0,5.0,19.0,6.0,b
977,2.0,Wesley,2167,3,felpa,arancione,3.0,2.0,5.0,8.0,8.0,3,2,5,8,8,10.0,10.0,10.0,10.0,10.0,50.0,5.0,0.0,0.0,1.0,5.0,21.0,0.0,b
979,2.0,Mark,364,3,felpa,violetto,2.0,7.0,6.0,8.0,4.0,1,7,6,8,6,-5.0,10.0,10.0,10.0,-5.0,20.0,3.0,2.0,0.0,0.0,5.0,16.0,7.0,b
980,2.0,Virgil,2092,3,cappello,giallo,10.0,10.0,10.0,10.0,6.0,3,1,2,4,6,0.0,0.0,0.0,0.0,10.0,10.0,1.0,0.0,4.0,0.0,5.0,10.0,0.0,b
982,2.0,Franco,800,3,scarpe,celeste,5.0,5.0,5.0,6.0,3.0,5,5,5,6,2,10.0,10.0,10.0,10.0,-5.0,35.0,4.0,1.0,0.0,0.0,5.0,18.0,6.0,b
984,2.0,Graziano,676,3,felpa,blu,3.0,5.0,10.0,5.0,3.0,2,5,7,5,3,-5.0,10.0,0.0,10.0,10.0,25.0,3.0,1.0,1.0,0.0,5.0,14.0,4.0,b
987,2.0,Seth,208,3,felpa,giallo,8.0,3.0,9.0,7.0,9.0,8,3,9,7,9,10.0,10.0,10.0,10.0,10.0,50.0,5.0,0.0,0.0,1.0,5.0,25.0,0.0,b
988,2.0,Joshua,548,3,felpa,rosso,4.0,1.0,10.0,3.0,3.0,4,1,7,3,3,10.0,10.0,0.0,10.0,10.0,40.0,4.0,0.0,1.0,1.0,5.0,20.0,1.0,b
992,2.0,Danilo,2054,3,cappello,rosso,1.0,2.0,8.0,1.0,8.0,1,2,7,1,7,10.0,10.0,-5.0,10.0,-5.0,20.0,3.0,2.0,0.0,0.0,5.0,19.0,2.0,b
993,2.0,Emilio,507,3,pantaloni,celeste,8.0,3.0,6.0,7.0,9.0,3,5,6,6,2,-5.0,-5.0,10.0,-5.0,-5.0,-10.0,1.0,4.0,0.0,0.0,5.0,10.0,8.0,b
995,2.0,Giacomo,2081,3,scarpe,violetto,6.0,8.0,5.0,7.0,2.0,6,8,5,7,7,10.0,10.0,10.0,10.0,-5.0,35.0,4.0,1.0,0.0,0.0,5.0,20.0,4.0,b
997,2.0,Giacinto,909,3,scarpe,giallo,5.0,1.0,9.0,3.0,1.0,5,1,9,3,1,10.0,10.0,10.0,10.0,10.0,50.0,5.0,0.0,0.0,1.0,5.0,25.0,0.0,b
998,2.0,Rosario,1947,3,cappello,verde,4.0,3.0,6.0,3.0,1.0,4,3,6,3,1,10.0,10.0,10.0,10.0,10.0,50.0,5.0,0.0,0.0,1.0,5.0,24.0,0.0,b
999,2.0,Juri,2109,3,guanti,bianco,1.0,9.0,2.0,9.0,8.0,1,9,4,9,8,10.0,10.0,-5.0,10.0,10.0,35.0,4.0,1.0,0.0,0.0,5.0,20.0,1.0,b
1001,2.0,Roland,1288,3,guanti,celeste,10.0,10.0,10.0,8.0,6.0,1,5,3,8,6,0.0,0.0,0.0,10.0,10.0,20.0,2.0,0.0,3.0,0.0,5.0,13.0,1.0,b
1004,2.0,Benjamin,1709,3,pantaloni,rosso,8.0,1.0,1.0,8.0,2.0,8,1,1,8,2,10.0,10.0,10.0,10.0,10.0,50.0,5.0,0.0,0.0,1.0,5.0,25.0,0.0,b
1005,2.0,Raffaello,1825,3,cappello,arancione,2.0,8.0,10.0,8.0,3.0,2,8,6,8,3,10.0,10.0,0.0,10.0,10.0,40.0,4.0,0.0,1.0,0.0,5.0,21.0,1.0,b
1006,2.0,Luis,2068,3,cappello,bianco,8.0,3.0,8.0,4.0,7.0,8,3,8,4,7,10.0,10.0,10.0,10.0,10.0,50.0,5.0,0.0,0.0,1.0,5.0,25.0,0.0,b
1007,2.0,Jeffery,545,3,cappello,violetto,7.0,2.0,5.0,7.0,5.0,7,2,5,7,5,10.0,10.0,10.0,10.0,10.0,50.0,5.0,0.0,0.0,1.0,5.0,24.0,0.0,b
1011,2.0,Giacomo,2118,3,cappello,celeste,6.0,10.0,2.0,8.0,7.0,6,8,5,7,7,10.0,0.0,-5.0,-5.0,10.0,10.0,2.0,2.0,1.0,0.0,5.0,20.0,4.0,c
1014,2.0,Ray,1259,3,scarpe,arancione,3.0,3.0,9.0,2.0,6.0,3,3,9,2,6,10.0,10.0,10.0,10.0,10.0,50.0,5.0,0.0,0.0,1.0,5.0,25.0,0.0,c
1018,2.0,Franco,932,3,pantaloni,blu,5.0,10.0,5.0,6.0,2.0,5,5,5,6,2,10.0,0.0,10.0,10.0,10.0,40.0,4.0,0.0,1.0,0.0,5.0,18.0,6.0,c
1021,2.0,Mark,385,3,pantaloni,celeste,1.0,10.0,6.0,8.0,2.0,1,7,6,8,6,10.0,0.0,10.0,10.0,-5.0,25.0,3.0,1.0,1.0,0.0,5.0,16.0,7.0,c
1023,2.0,Giancarlo,595,3,felpa,violetto,2.0,7.0,5.0,6.0,2.0,2,7,5,6,2,10.0,10.0,10.0,10.0,10.0,50.0,5.0,0.0,0.0,1.0,5.0,25.0,0.0,c
1027,2.0,Danilo,2034,3,scarpe,rosso,1.0,2.0,10.0,1.0,10.0,1,2,7,1,7,10.0,10.0,0.0,10.0,0.0,30.0,3.0,0.0,2.0,0.0,5.0,19.0,2.0,c
1028,2.0,Virgil,2078,3,felpa,rosso,10.0,1.0,10.0,4.0,10.0,3,1,2,4,6,0.0,10.0,0.0,10.0,0.0,20.0,2.0,0.0,3.0,0.0,5.0,10.0,0.0,c
1029,2.0,Roland,1247,3,pantaloni,giallo,1.0,5.0,3.0,10.0,10.0,1,5,3,8,6,10.0,10.0,10.0,0.0,0.0,30.0,3.0,0.0,2.0,1.0,5.0,13.0,1.0,c
1032,2.0,Herbert,177,3,pantaloni,violetto,6.0,10.0,7.0,2.0,10.0,6,5,7,2,2,10.0,0.0,10.0,10.0,0.0,30.0,3.0,0.0,2.0,1.0,5.0,11.0,4.0,c
1033,2.0,Rosario,1939,3,felpa,giallo,4.0,3.0,6.0,10.0,1.0,4,3,6,3,1,10.0,10.0,10.0,0.0,10.0,40.0,4.0,0.0,1.0,0.0,5.0,24.0,0.0,c
1035,2.0,Troy,1020,3,guanti,verde,9.0,1.0,9.0,5.0,4.0,7,6,9,9,4,-5.0,-5.0,10.0,-5.0,10.0,5.0,2.0,3.0,0.0,0.0,5.0,14.0,5.0,c
1036,2.0,Benjamin,1831,3,felpa,rosso,8.0,1.0,1.0,8.0,2.0,8,1,1,8,2,10.0,10.0,10.0,10.0,10.0,50.0,5.0,0.0,0.0,1.0,5.0,25.0,0.0,c
1037,2.0,Giacinto,183,3,pantaloni,nero,5.0,1.0,9.0,3.0,1.0,5,1,9,3,1,10.0,10.0,10.0,10.0,10.0,50.0,5.0,0.0,0.0,1.0,5.0,25.0,0.0,c
1038,2.0,Raffaello,2023,3,guanti,giallo,2.0,8.0,6.0,8.0,3.0,2,8,6,8,3,10.0,10.0,10.0,10.0,10.0,50.0,5.0,0.0,0.0,1.0,5.0,21.0,1.0,c
1040,2.0,Luis,2104,3,felpa,giallo,8.0,3.0,8.0,4.0,7.0,8,3,8,4,7,10.0,10.0,10.0,10.0,10.0,50.0,5.0,0.0,0.0,1.0,5.0,25.0,0.0,c
1043,2.0,Joshua,613,3,cappello,verde,4.0,1.0,10.0,3.0,3.0,4,1,7,3,3,10.0,10.0,0.0,10.0,10.0,40.0,4.0,0.0,1.0,1.0,5.0,20.0,1.0,c
1045,2.0,Graziano,904,3,scarpe,blu,2.0,10.0,10.0,5.0,3.0,2,5,7,5,3,10.0,0.0,0.0,10.0,10.0,30.0,3.0,0.0,2.0,0.0,5.0,14.0,4.0,c
1046,2.0,Ian,1906,3,guanti,arancione,1.0,2.0,7.0,8.0,2.0,1,2,7,8,2,10.0,10.0,10.0,10.0,10.0,50.0,5.0,0.0,0.0,1.0,5.0,19.0,6.0,c
1048,2.0,Wesley,2086,3,scarpe,bianco,10.0,10.0,5.0,8.0,8.0,3,2,5,8,8,0.0,0.0,10.0,10.0,10.0,30.0,3.0,0.0,2.0,0.0,5.0,21.0,0.0,c
1050,2.0,Juri,2237,3,cappello,rosso,1.0,9.0,4.0,9.0,8.0,1,9,4,9,8,10.0,10.0,10.0,10.0,10.0,50.0,5.0,0.0,0.0,1.0,5.0,20.0,1.0,c
1051,2.0,Seth,147,3,guanti,nero,8.0,3.0,9.0,7.0,9.0,8,3,9,7,9,10.0,10.0,10.0,10.0,10.0,50.0,5.0,0.0,0.0,1.0,5.0,25.0,0.0,c
1052,2.0,Emilio,163,3,guanti,arancione,10.0,5.0,10.0,10.0,2.0,3,5,6,6,2,0.0,10.0,0.0,0.0,10.0,20.0,2.0,0.0,3.0,0.0,5.0,10.0,8.0,c
1053,2.0,Jeffery,1243,3,guanti,blu,7.0,2.0,5.0,7.0,5.0,7,2,5,7,5,10.0,10.0,10.0,10.0,10.0,50.0,5.0,0.0,0.0,1.0,5.0,24.0,0.0,c
1063,2.0,Seth,160,3,scarpe,violetto,8.0,3.0,9.0,7.0,9.0,8,3,9,7,9,10.0,10.0,10.0,10.0,10.0,50.0,5.0,0.0,0.0,1.0,5.0,25.0,0.0,d
1065,2.0,Giacomo,2115,3,guanti,violetto,6.0,8.0,5.0,7.0,7.0,6,8,5,7,7,10.0,10.0,10.0,10.0,10.0,50.0,5.0,0.0,0.0,1.0,5.0,20.0,4.0,d
1066,2.0,Ray,1244,3,felpa,giallo,3.0,3.0,9.0,2.0,6.0,3,3,9,2,6,10.0,10.0,10.0,10.0,10.0,50.0,5.0,0.0,0.0,1.0,5.0,25.0,0.0,d
1067,2.0,Wesley,2077,3,pantaloni,blu,3.0,2.0,5.0,8.0,8.0,3,2,5,8,8,10.0,10.0,10.0,10.0,10.0,50.0,5.0,0.0,0.0,1.0,5.0,21.0,0.0,d
1068,2.0,Juri,2241,3,pantaloni,verde,1.0,9.0,4.0,10.0,8.0,1,9,4,9,8,10.0,10.0,10.0,0.0,10.0,40.0,4.0,0.0,1.0,0.0,5.0,20.0,1.0,d
1069,2.0,Giancarlo,603,3,cappello,arancione,2.0,7.0,5.0,6.0,2.0,2,7,5,6,2,10.0,10.0,10.0,10.0,10.0,50.0,5.0,0.0,0.0,1.0,5.0,25.0,0.0,d
1072,2.0,Herbert,175,3,scarpe,arancione,6.0,10.0,7.0,2.0,10.0,6,5,7,2,2,10.0,0.0,10.0,10.0,0.0,30.0,3.0,0.0,2.0,1.0,5.0,11.0,4.0,d
1073,2.0,Joshua,593,3,pantaloni,violetto,4.0,1.0,4.0,3.0,3.0,4,1,7,3,3,10.0,10.0,-5.0,10.0,10.0,35.0,4.0,1.0,0.0,0.0,5.0,20.0,1.0,d
1074,2.0,Jeffery,1256,3,pantaloni,blu,7.0,2.0,5.0,7.0,5.0,7,2,5,7,5,10.0,10.0,10.0,10.0,10.0,50.0,5.0,0.0,0.0,1.0,5.0,24.0,0.0,d
1075,2.0,Benjamin,1983,3,guanti,arancione,8.0,1.0,1.0,8.0,2.0,8,1,1,8,2,10.0,10.0,10.0,10.0,10.0,50.0,5.0,0.0,0.0,1.0,5.0,25.0,0.0,d
1076,2.0,Ian,2008,3,pantaloni,violetto,1.0,2.0,7.0,8.0,2.0,1,2,7,8,2,10.0,10.0,10.0,10.0,10.0,50.0,5.0,0.0,0.0,1.0,5.0,19.0,6.0,d
1077,2.0,Giacinto,184,3,cappello,blu,5.0,1.0,9.0,3.0,1.0,5,1,9,3,1,10.0,10.0,10.0,10.0,10.0,50.0,5.0,0.0,0.0,1.0,5.0,25.0,0.0,d
1078,2.0,Graziano,906,3,cappello,arancione,2.0,5.0,3.0,5.0,3.0,2,5,7,5,3,10.0,10.0,-5.0,10.0,10.0,35.0,4.0,1.0,0.0,1.0,5.0,14.0,4.0,d
1080,2.0,Raffaello,1919,3,pantaloni,celeste,10.0,8.0,6.0,8.0,3.0,2,8,6,8,3,0.0,10.0,10.0,10.0,10.0,40.0,4.0,0.0,1.0,0.0,5.0,21.0,1.0,d
1081,2.0,Danilo,1667,3,pantaloni,violetto,1.0,2.0,7.0,1.0,7.0,1,2,7,1,7,10.0,10.0,10.0,10.0,10.0,50.0,5.0,0.0,0.0,1.0,5.0,19.0,2.0,d
1082,2.0,Emilio,179,3,felpa,blu,10.0,5.0,10.0,6.0,2.0,3,5,6,6,2,0.0,10.0,0.0,10.0,10.0,30.0,3.0,0.0,2.0,1.0,5.0,10.0,8.0,d
1083,2.0,Franco,923,3,guanti,arancione,2.0,2.0,2.0,2.0,2.0,5,5,5,6,2,-5.0,-5.0,-5.0,-5.0,10.0,-10.0,1.0,4.0,0.0,0.0,5.0,18.0,6.0,d
1084,2.0,Troy,1015,3,felpa,celeste,10.0,6.0,9.0,10.0,4.0,7,6,9,9,4,0.0,10.0,10.0,0.0,10.0,30.0,3.0,0.0,2.0,0.0,5.0,14.0,5.0,d
1085,2.0,Virgil,2070,3,pantaloni,arancione,10.0,1.0,2.0,4.0,10.0,3,1,2,4,6,0.0,10.0,10.0,10.0,0.0,30.0,3.0,0.0,2.0,1.0,5.0,10.0,0.0,d
1086,2.0,Roland,1249,3,felpa,blu,1.0,5.0,3.0,10.0,10.0,1,5,3,8,6,10.0,10.0,10.0,0.0,0.0,30.0,3.0,0.0,2.0,1.0,5.0,13.0,1.0,d
1087,2.0,Mark,393,3,cappello,rosso,1.0,6.0,6.0,8.0,2.0,1,7,6,8,6,10.0,-5.0,10.0,10.0,-5.0,20.0,3.0,2.0,0.0,0.0,5.0,16.0,7.0,d
1090,2.0,Rosario,1813,3,guanti,rosso,4.0,3.0,6.0,3.0,1.0,4,3,6,3,1,10.0,10.0,10.0,10.0,10.0,50.0,5.0,0.0,0.0,1.0,5.0,24.0,0.0,d
1096,2.0,Luis,2100,3,guanti,violetto,8.0,3.0,8.0,4.0,7.0,8,3,8,4,7,10.0,10.0,10.0,10.0,10.0,50.0,5.0,0.0,0.0,1.0,5.0,25.0,0.0,d
1100,2.0,Benjamin,2039,3,cappello,bianco,8.0,1.0,1.0,8.0,2.0,8,1,1,8,2,10.0,10.0,10.0,10.0,10.0,50.0,5.0,0.0,0.0,1.0,5.0,25.0,0.0,e
1102,2.0,Giancarlo,619,3,pantaloni,blu,2.0,7.0,5.0,6.0,2.0,2,7,5,6,2,10.0,10.0,10.0,10.0,10.0,50.0,5.0,0.0,0.0,1.0,5.0,25.0,0.0,e
1104,2.0,Herbert,171,3,cappello,celeste,6.0,10.0,7.0,2.0,10.0,6,5,7,2,2,10.0,0.0,10.0,10.0,0.0,30.0,3.0,0.0,2.0,1.0,5.0,11.0,4.0,e
1105,2.0,Joshua,606,3,scarpe,giallo,4.0,1.0,10.0,3.0,3.0,4,1,7,3,3,10.0,10.0,0.0,10.0,10.0,40.0,4.0,0.0,1.0,1.0,5.0,20.0,1.0,e
1106,2.0,Raffaello,1683,3,felpa,bianco,10.0,8.0,6.0,8.0,3.0,2,8,6,8,3,0.0,10.0,10.0,10.0,10.0,40.0,4.0,0.0,1.0,0.0,5.0,21.0,1.0,e
1108,2.0,Franco,918,3,cappello,blu,5.0,5.0,5.0,6.0,2.0,5,5,5,6,2,10.0,10.0,10.0,10.0,10.0,50.0,5.0,0.0,0.0,1.0,5.0,18.0,6.0,e
1112,2.0,Danilo,1661,3,guanti,violetto,1.0,2.0,7.0,1.0,7.0,1,2,7,1,7,10.0,10.0,10.0,10.0,10.0,50.0,5.0,0.0,0.0,1.0,5.0,19.0,2.0,e
1113,2.0,Mark,375,3,scarpe,bianco,1.0,6.0,6.0,8.0,2.0,1,7,6,8,6,10.0,-5.0,10.0,10.0,-5.0,20.0,3.0,2.0,0.0,0.0,5.0,16.0,7.0,e
1116,2.0,Juri,2234,3,felpa,nero,1.0,9.0,4.0,9.0,8.0,1,9,4,9,8,10.0,10.0,10.0,10.0,10.0,50.0,5.0,0.0,0.0,1.0,5.0,20.0,1.0,e
1118,2.0,Graziano,898,3,guanti,giallo,2.0,5.0,3.0,5.0,3.0,2,5,7,5,3,10.0,10.0,-5.0,10.0,10.0,35.0,4.0,1.0,0.0,1.0,5.0,14.0,4.0,e
1120,2.0,Ray,1251,3,pantaloni,nero,3.0,3.0,9.0,2.0,6.0,3,3,9,2,6,10.0,10.0,10.0,10.0,10.0,50.0,5.0,0.0,0.0,1.0,5.0,25.0,0.0,e
1121,2.0,Luis,2098,3,scarpe,verde,8.0,3.0,8.0,4.0,7.0,8,3,8,4,7,10.0,10.0,10.0,10.0,10.0,50.0,5.0,0.0,0.0,1.0,5.0,25.0,0.0,e
1123,2.0,Troy,1008,3,pantaloni,nero,5.0,6.0,9.0,9.0,4.0,7,6,9,9,4,-5.0,10.0,10.0,10.0,10.0,35.0,4.0,1.0,0.0,0.0,5.0,14.0,5.0,e
1124,2.0,Rosario,2041,3,pantaloni,celeste,4.0,3.0,6.0,3.0,1.0,4,3,6,3,1,10.0,10.0,10.0,10.0,10.0,50.0,5.0,0.0,0.0,1.0,5.0,24.0,0.0,e
1125,2.0,Giacomo,2112,3,pantaloni,blu,6.0,8.0,5.0,7.0,7.0,6,8,5,7,7,10.0,10.0,10.0,10.0,10.0,50.0,5.0,0.0,0.0,1.0,5.0,20.0,4.0,e
1126,2.0,Giacinto,182,3,guanti,rosso,5.0,1.0,9.0,3.0,1.0,5,1,9,3,1,10.0,10.0,10.0,10.0,10.0,50.0,5.0,0.0,0.0,1.0,5.0,25.0,0.0,e
1130,2.0,Roland,1261,3,cappello,rosso,1.0,5.0,3.0,10.0,10.0,1,5,3,8,6,10.0,10.0,10.0,0.0,0.0,30.0,3.0,0.0,2.0,1.0,5.0,13.0,1.0,e
1131,2.0,Ian,1704,3,scarpe,bianco,1.0,2.0,7.0,8.0,2.0,1,2,7,8,2,10.0,10.0,10.0,10.0,10.0,50.0,5.0,0.0,0.0,1.0,5.0,19.0,6.0,e
1135,2.0,Virgil,2085,3,scarpe,verde,10.0,1.0,2.0,4.0,10.0,3,1,2,4,6,0.0,10.0,10.0,10.0,0.0,30.0,3.0,0.0,2.0,1.0,5.0,10.0,0.0,e
1136,2.0,Emilio,180,3,scarpe,celeste,10.0,5.0,10.0,6.0,2.0,3,5,6,6,2,0.0,10.0,0.0,10.0,10.0,30.0,3.0,0.0,2.0,1.0,5.0,10.0,8.0,e
1137,2.0,Jeffery,1250,3,scarpe,violetto,7.0,2.0,5.0,7.0,5.0,7,2,5,7,5,10.0,10.0,10.0,10.0,10.0,50.0,5.0,0.0,0.0,1.0,5.0,24.0,0.0,e
1141,2.0,Seth,155,3,cappello,bianco,8.0,3.0,9.0,7.0,9.0,8,3,9,7,9,10.0,10.0,10.0,10.0,10.0,50.0,5.0,0.0,0.0,1.0,5.0,25.0,0.0,e
1144,2.0,Wesley,2080,3,guanti,bianco,10.0,10.0,5.0,8.0,8.0,3,2,5,8,8,0.0,0.0,10.0,10.0,10.0,30.0,3.0,0.0,2.0,0.0,5.0,21.0,0.0,e
1147,3.0,Valentino,2180,1,felpa,giallo,10.0,3.0,10.0,10.0,9.0,1,3,2,9,9,0.0,10.0,0.0,0.0,10.0,20.0,2.0,0.0,3.0,0.0,5.0,9.0,0.0,a
1149,3.0,Anthony,208,1,guanti,violetto,10.0,10.0,10.0,10.0,7.0,4,9,2,3,7,0.0,0.0,0.0,0.0,10.0,10.0,1.0,0.0,4.0,0.0,5.0,9.0,0.0,a
1150,3.0,Fabio,2054,1,cappello,blu,5.0,6.0,5.0,9.0,5.0,5,6,5,9,5,10.0,10.0,10.0,10.0,10.0,50.0,5.0,0.0,0.0,1.0,5.0,22.0,0.0,a
1161,3.0,Egidio,495,1,guanti,giallo,6.0,9.0,7.0,6.0,3.0,6,9,7,6,3,10.0,10.0,10.0,10.0,10.0,50.0,5.0,0.0,0.0,1.0,5.0,21.0,0.0,a
1163,3.0,Samuel,1692,1,felpa,violetto,10.0,7.0,9.0,10.0,10.0,6,7,9,6,5,0.0,10.0,10.0,0.0,0.0,20.0,2.0,0.0,3.0,0.0,5.0,11.0,2.0,a
1165,3.0,Quarto,802,1,scarpe,bianco,5.0,10.0,10.0,8.0,10.0,5,8,1,8,6,10.0,0.0,0.0,10.0,0.0,20.0,2.0,0.0,3.0,0.0,5.0,11.0,2.0,a
1167,3.0,Jonathan,2003,1,pantaloni,blu,7.0,3.0,5.0,5.0,10.0,7,3,5,5,4,10.0,10.0,10.0,10.0,0.0,40.0,4.0,0.0,1.0,0.0,5.0,24.0,0.0,a
1171,3.0,Nino,2100,1,felpa,violetto,10.0,7.0,10.0,10.0,10.0,7,7,8,8,2,0.0,10.0,0.0,0.0,0.0,10.0,1.0,0.0,4.0,0.0,5.0,11.0,0.0,a
1176,3.0,Shawn,912,1,guanti,bianco,10.0,10.0,10.0,10.0,8.0,8,1,1,4,8,0.0,0.0,0.0,0.0,10.0,10.0,1.0,0.0,4.0,0.0,5.0,17.0,0.0,a
1180,3.0,Otto,1300,1,pantaloni,verde,10.0,10.0,4.0,10.0,10.0,2,4,4,7,8,0.0,0.0,10.0,0.0,0.0,10.0,1.0,0.0,4.0,0.0,5.0,13.0,5.0,a
1182,3.0,Ross,1941,1,cappello,verde,4.0,3.0,2.0,7.0,1.0,4,3,2,7,1,10.0,10.0,10.0,10.0,10.0,50.0,5.0,0.0,0.0,1.0,5.0,25.0,0.0,a
1183,3.0,Keith,1672,1,guanti,nero,10.0,3.0,9.0,3.0,9.0,9,3,9,3,9,0.0,10.0,10.0,10.0,10.0,40.0,4.0,0.0,1.0,0.0,5.0,19.0,0.0,a
1192,3.0,Anthony,92,1,scarpe,giallo,10.0,10.0,10.0,3.0,10.0,4,9,2,3,7,0.0,0.0,0.0,10.0,0.0,10.0,1.0,0.0,4.0,0.0,5.0,9.0,0.0,b
1193,3.0,Jonathan,1903,1,felpa,giallo,7.0,3.0,5.0,5.0,4.0,7,3,5,5,4,10.0,10.0,10.0,10.0,10.0,50.0,5.0,0.0,0.0,1.0,5.0,24.0,0.0,b
1196,3.0,Otto,1157,1,guanti,bianco,3.0,9.0,9.0,3.0,9.0,2,4,4,7,8,-5.0,-5.0,-5.0,-5.0,-5.0,-25.0,0.0,5.0,0.0,0.0,5.0,13.0,5.0,b
1198,3.0,Quarto,810,1,cappello,blu,5.0,10.0,10.0,8.0,10.0,5,8,1,8,6,10.0,0.0,0.0,10.0,0.0,20.0,2.0,0.0,3.0,0.0,5.0,11.0,2.0,b
1203,3.0,Keith,1680,1,felpa,giallo,10.0,3.0,9.0,3.0,9.0,9,3,9,3,9,0.0,10.0,10.0,10.0,10.0,40.0,4.0,0.0,1.0,0.0,5.0,19.0,0.0,b
1204,3.0,Fabio,1670,1,scarpe,nero,5.0,10.0,10.0,9.0,10.0,5,6,5,9,5,10.0,0.0,0.0,10.0,0.0,20.0,2.0,0.0,3.0,0.0,5.0,22.0,0.0,b
1207,3.0,Egidio,676,1,pantaloni,violetto,6.0,9.0,7.0,6.0,10.0,6,9,7,6,3,10.0,10.0,10.0,10.0,0.0,40.0,4.0,0.0,1.0,0.0,5.0,21.0,0.0,b
1210,3.0,Nino,2279,1,cappello,violetto,7.0,10.0,10.0,10.0,10.0,7,7,8,8,2,10.0,0.0,0.0,0.0,0.0,10.0,1.0,0.0,4.0,0.0,5.0,11.0,0.0,b
1214,3.0,Samuel,2000,1,pantaloni,nero,10.0,7.0,9.0,10.0,10.0,6,7,9,6,5,0.0,10.0,10.0,0.0,0.0,20.0,2.0,0.0,3.0,0.0,5.0,11.0,2.0,b
1216,3.0,Ross,1888,1,felpa,giallo,4.0,3.0,2.0,7.0,1.0,4,3,2,7,1,10.0,10.0,10.0,10.0,10.0,50.0,5.0,0.0,0.0,1.0,5.0,25.0,0.0,b
1221,3.0,Shawn,907,1,pantaloni,rosso,8.0,1.0,1.0,4.0,8.0,8,1,1,4,8,10.0,10.0,10.0,10.0,10.0,50.0,5.0,0.0,0.0,1.0,5.0,17.0,0.0,b
1225,3.0,Valentino,2165,1,guanti,nero,10.0,3.0,10.0,10.0,9.0,1,3,2,9,9,0.0,10.0,0.0,0.0,10.0,20.0,2.0,0.0,3.0,0.0,5.0,9.0,0.0,b
1234,3.0,Fabio,1940,1,felpa,celeste,5.0,6.0,5.0,9.0,5.0,5,6,5,9,5,10.0,10.0,10.0,10.0,10.0,50.0,5.0,0.0,0.0,1.0,5.0,22.0,0.0,c
1235,3.0,Jonathan,1756,1,scarpe,blu,7.0,3.0,5.0,5.0,4.0,7,3,5,5,4,10.0,10.0,10.0,10.0,10.0,50.0,5.0,0.0,0.0,1.0,5.0,24.0,0.0,c
1241,3.0,Otto,1264,1,felpa,verde,2.0,4.0,10.0,7.0,8.0,2,4,4,7,8,10.0,10.0,0.0,10.0,10.0,40.0,4.0,0.0,1.0,1.0,5.0,13.0,5.0,c
1246,3.0,Nino,2119,1,pantaloni,bianco,10.0,10.0,8.0,8.0,10.0,7,7,8,8,2,0.0,0.0,10.0,10.0,0.0,20.0,2.0,0.0,3.0,0.0,5.0,11.0,0.0,c
1247,3.0,Egidio,147,1,felpa,nero,6.0,9.0,7.0,6.0,3.0,6,9,7,6,3,10.0,10.0,10.0,10.0,10.0,50.0,5.0,0.0,0.0,1.0,5.0,21.0,0.0,c
1251,3.0,Shawn,929,1,felpa,rosso,8.0,1.0,10.0,4.0,10.0,8,1,1,4,8,10.0,10.0,0.0,10.0,0.0,30.0,3.0,0.0,2.0,0.0,5.0,17.0,0.0,c
1252,3.0,Samuel,1758,1,scarpe,celeste,6.0,10.0,10.0,6.0,5.0,6,7,9,6,5,10.0,0.0,0.0,10.0,10.0,30.0,3.0,0.0,2.0,1.0,5.0,11.0,2.0,c
1254,3.0,Ross,1979,1,scarpe,violetto,4.0,3.0,2.0,7.0,1.0,4,3,2,7,1,10.0,10.0,10.0,10.0,10.0,50.0,5.0,0.0,0.0,1.0,5.0,25.0,0.0,c
1255,3.0,Valentino,2114,1,cappello,rosso,1.0,10.0,2.0,9.0,10.0,1,3,2,9,9,10.0,0.0,10.0,10.0,0.0,30.0,3.0,0.0,2.0,1.0,5.0,9.0,0.0,c
1257,3.0,Quarto,372,1,pantaloni,rosso,10.0,8.0,1.0,10.0,6.0,5,8,1,8,6,0.0,10.0,10.0,0.0,10.0,30.0,3.0,0.0,2.0,1.0,5.0,11.0,2.0,c
1260,3.0,Anthony,913,1,felpa,nero,4.0,9.0,10.0,3.0,10.0,4,9,2,3,7,10.0,10.0,0.0,10.0,0.0,30.0,3.0,0.0,2.0,1.0,5.0,9.0,0.0,c
1269,3.0,Keith,1987,1,cappello,nero,9.0,10.0,9.0,10.0,10.0,9,3,9,3,9,10.0,0.0,10.0,0.0,0.0,20.0,2.0,0.0,3.0,0.0,5.0,19.0,0.0,c
1272,3.0,Samuel,1724,1,cappello,celeste,6.0,10.0,10.0,5.0,5.0,6,7,9,6,5,10.0,0.0,0.0,-5.0,10.0,15.0,2.0,1.0,2.0,0.0,5.0,11.0,2.0,d
1273,3.0,Nino,2107,1,scarpe,bianco,7.0,10.0,8.0,8.0,2.0,7,7,8,8,2,10.0,0.0,10.0,10.0,10.0,40.0,4.0,0.0,1.0,1.0,5.0,11.0,0.0,d
1275,3.0,Anthony,910,1,pantaloni,arancione,10.0,10.0,2.0,10.0,10.0,4,9,2,3,7,0.0,0.0,10.0,0.0,0.0,10.0,1.0,0.0,4.0,0.0,5.0,9.0,0.0,d
1277,3.0,Shawn,927,1,cappello,bianco,8.0,1.0,10.0,4.0,10.0,8,1,1,4,8,10.0,10.0,0.0,10.0,0.0,30.0,3.0,0.0,2.0,0.0,5.0,17.0,0.0,d
1289,3.0,Keith,1813,1,pantaloni,nero,9.0,3.0,9.0,3.0,9.0,9,3,9,3,9,10.0,10.0,10.0,10.0,10.0,50.0,5.0,0.0,0.0,1.0,5.0,19.0,0.0,d
1296,3.0,Valentino,2118,1,scarpe,nero,10.0,10.0,10.0,9.0,10.0,1,3,2,9,9,0.0,0.0,0.0,10.0,0.0,10.0,1.0,0.0,4.0,0.0,5.0,9.0,0.0,d
1298,3.0,Quarto,375,1,guanti,celeste,10.0,8.0,1.0,10.0,6.0,5,8,1,8,6,0.0,10.0,10.0,0.0,10.0,30.0,3.0,0.0,2.0,1.0,5.0,11.0,2.0,d
1299,3.0,Fabio,1732,1,pantaloni,blu,5.0,6.0,5.0,9.0,5.0,5,6,5,9,5,10.0,10.0,10.0,10.0,10.0,50.0,5.0,0.0,0.0,1.0,5.0,22.0,0.0,d
1302,3.0,Egidio,155,1,scarpe,celeste,6.0,9.0,7.0,6.0,3.0,6,9,7,6,3,10.0,10.0,10.0,10.0,10.0,50.0,5.0,0.0,0.0,1.0,5.0,21.0,0.0,d
1303,3.0,Otto,1246,1,cappello,arancione,2.0,4.0,10.0,7.0,8.0,2,4,4,7,8,10.0,10.0,0.0,10.0,10.0,40.0,4.0,0.0,1.0,1.0,5.0,13.0,5.0,d
1308,3.0,Ross,1961,1,guanti,rosso,4.0,3.0,2.0,7.0,1.0,4,3,2,7,1,10.0,10.0,10.0,10.0,10.0,50.0,5.0,0.0,0.0,1.0,5.0,25.0,0.0,d
1310,3.0,Jonathan,1906,1,guanti,verde,7.0,3.0,5.0,5.0,4.0,7,3,5,5,4,10.0,10.0,10.0,10.0,10.0,50.0,5.0,0.0,0.0,1.0,5.0,24.0,0.0,d
1320,3.0,Quarto,386,1,felpa,bianco,10.0,8.0,6.0,10.0,1.0,5,8,1,8,6,0.0,10.0,-5.0,0.0,-5.0,0.0,1.0,2.0,2.0,0.0,5.0,11.0,2.0,e
1324,3.0,Shawn,932,1,scarpe,verde,8.0,1.0,1.0,4.0,8.0,8,1,1,4,8,10.0,10.0,10.0,10.0,10.0,50.0,5.0,0.0,0.0,1.0,5.0,17.0,0.0,e
1325,3.0,Otto,1250,1,scarpe,violetto,2.0,4.0,10.0,7.0,8.0,2,4,4,7,8,10.0,10.0,0.0,10.0,10.0,40.0,4.0,0.0,1.0,1.0,5.0,13.0,5.0,e
1326,3.0,Valentino,2111,1,pantaloni,arancione,10.0,10.0,2.0,10.0,10.0,1,3,2,9,9,0.0,0.0,10.0,0.0,0.0,10.0,1.0,0.0,4.0,0.0,5.0,9.0,0.0,e
1327,3.0,Jonathan,1747,1,cappello,violetto,7.0,3.0,5.0,5.0,4.0,7,3,5,5,4,10.0,10.0,10.0,10.0,10.0,50.0,5.0,0.0,0.0,1.0,5.0,24.0,0.0,e
1328,3.0,Fabio,1718,1,guanti,blu,5.0,6.0,5.0,9.0,5.0,5,6,5,9,5,10.0,10.0,10.0,10.0,10.0,50.0,5.0,0.0,0.0,1.0,5.0,22.0,0.0,e
1329,3.0,Anthony,908,1,cappello,verde,4.0,9.0,10.0,3.0,10.0,4,9,2,3,7,10.0,10.0,0.0,10.0,0.0,30.0,3.0,0.0,2.0,1.0,5.0,9.0,0.0,e
1333,3.0,Nino,2112,1,guanti,arancione,10.0,10.0,8.0,8.0,2.0,7,7,8,8,2,0.0,0.0,10.0,10.0,10.0,30.0,3.0,0.0,2.0,0.0,5.0,11.0,0.0,e
1338,3.0,Keith,1886,1,scarpe,giallo,9.0,3.0,9.0,3.0,10.0,9,3,9,3,9,10.0,10.0,10.0,10.0,0.0,40.0,4.0,0.0,1.0,0.0,5.0,19.0,0.0,e
1341,3.0,Samuel,1709,1,guanti,blu,6.0,10.0,10.0,5.0,5.0,6,7,9,6,5,10.0,0.0,0.0,-5.0,10.0,15.0,2.0,1.0,2.0,0.0,5.0,11.0,2.0,e
1346,3.0,Ross,1774,1,pantaloni,arancione,4.0,3.0,2.0,7.0,1.0,4,3,2,7,1,10.0,10.0,10.0,10.0,10.0,50.0,5.0,0.0,0.0,1.0,5.0,25.0,0.0,e
1349,3.0,Egidio,146,1,cappello,celeste,6.0,9.0,10.0,10.0,10.0,6,9,7,6,3,10.0,10.0,0.0,0.0,0.0,20.0,2.0,0.0,3.0,0.0,5.0,21.0,0.0,e
1358,3.0,Guido,1704,2,cappello,nero,9.0,7.0,8.0,8.0,4.0,9,7,8,8,4,10.0,10.0,10.0,10.0,10.0,50.0,5.0,0.0,0.0,1.0,5.0,23.0,0.0,a
1360,3.0,Earl,1953,2,guanti,giallo,3.0,4.0,8.0,3.0,3.0,3,4,8,3,3,10.0,10.0,10.0,10.0,10.0,50.0,5.0,0.0,0.0,1.0,5.0,23.0,0.0,a
1362,3.0,Prometeo,1985,2,scarpe,blu,10.0,10.0,7.0,5.0,10.0,1,4,7,5,1,0.0,0.0,10.0,10.0,0.0,20.0,2.0,0.0,3.0,0.0,5.0,10.0,3.0,a
1363,3.0,Derek,1932,2,pantaloni,celeste,10.0,10.0,6.0,1.0,1.0,7,9,6,1,1,0.0,0.0,10.0,10.0,10.0,30.0,3.0,0.0,2.0,0.0,5.0,17.0,1.0,a
1370,3.0,Eric,331,2,cappello,bianco,8.0,3.0,5.0,9.0,10.0,8,3,5,9,5,10.0,10.0,10.0,10.0,0.0,40.0,4.0,0.0,1.0,1.0,5.0,17.0,0.0,a
1372,3.0,Giammarco,1371,2,scarpe,celeste,4.0,5.0,10.0,6.0,10.0,4,5,5,6,9,10.0,10.0,0.0,10.0,0.0,30.0,3.0,0.0,2.0,1.0,5.0,9.0,1.0,a
1377,3.0,Dwayne,542,2,cappello,bianco,8.0,10.0,10.0,10.0,10.0,8,6,7,6,3,10.0,0.0,0.0,0.0,0.0,10.0,1.0,0.0,4.0,0.0,5.0,11.0,0.0,a
1378,3.0,Laerte,1421,2,guanti,nero,10.0,10.0,10.0,10.0,9.0,9,6,2,8,9,0.0,0.0,0.0,0.0,10.0,10.0,1.0,0.0,4.0,0.0,5.0,6.0,9.0,a
1380,3.0,Lisandro,136,2,pantaloni,nero,1.0,8.0,9.0,9.0,7.0,1,8,9,9,7,10.0,10.0,10.0,10.0,10.0,50.0,5.0,0.0,0.0,1.0,5.0,25.0,0.0,a
1381,3.0,Ezio,904,2,felpa,celeste,8.0,6.0,1.0,8.0,7.0,8,6,1,8,7,10.0,10.0,10.0,10.0,10.0,50.0,5.0,0.0,0.0,1.0,5.0,25.0,0.0,a
1383,3.0,Enrique,2176,2,pantaloni,nero,4.0,6.0,9.0,9.0,7.0,4,6,9,9,7,10.0,10.0,10.0,10.0,10.0,50.0,5.0,0.0,0.0,1.0,5.0,22.0,0.0,a
1384,3.0,Terrance,962,2,guanti,violetto,10.0,10.0,10.0,10.0,7.0,4,1,8,6,7,0.0,0.0,0.0,0.0,10.0,10.0,1.0,0.0,4.0,0.0,5.0,12.0,0.0,a
1390,3.0,Perry,998,2,scarpe,rosso,10.0,10.0,10.0,1.0,10.0,6,4,2,1,1,0.0,0.0,0.0,10.0,0.0,10.0,1.0,0.0,4.0,0.0,5.0,7.0,2.0,a
1395,3.0,Juan,336,2,pantaloni,celeste,8.0,2.0,5.0,2.0,7.0,8,2,6,2,7,10.0,10.0,-5.0,10.0,10.0,35.0,4.0,1.0,0.0,0.0,5.0,20.0,4.0,a
1397,3.0,Perry,825,2,guanti,rosso,10.0,10.0,10.0,10.0,1.0,6,4,2,1,1,0.0,0.0,0.0,0.0,10.0,10.0,1.0,0.0,4.0,0.0,5.0,7.0,2.0,b
1401,3.0,Terrance,958,2,scarpe,celeste,10.0,10.0,10.0,6.0,7.0,4,1,8,6,7,0.0,0.0,0.0,10.0,10.0,20.0,2.0,0.0,3.0,0.0,5.0,12.0,0.0,b
1408,3.0,Ezio,909,2,cappello,bianco,8.0,6.0,1.0,8.0,7.0,8,6,1,8,7,10.0,10.0,10.0,10.0,10.0,50.0,5.0,0.0,0.0,1.0,5.0,25.0,0.0,b
1410,3.0,Lisandro,158,2,guanti,violetto,1.0,8.0,9.0,9.0,7.0,1,8,9,9,7,10.0,10.0,10.0,10.0,10.0,50.0,5.0,0.0,0.0,1.0,5.0,25.0,0.0,b
1412,3.0,Dwayne,548,2,felpa,celeste,10.0,6.0,10.0,10.0,10.0,8,6,7,6,3,0.0,10.0,0.0,0.0,0.0,10.0,1.0,0.0,4.0,0.0,5.0,11.0,0.0,b
1414,3.0,Enrique,2167,2,scarpe,nero,10.0,10.0,9.0,9.0,10.0,4,6,9,9,7,0.0,0.0,10.0,10.0,0.0,20.0,2.0,0.0,3.0,0.0,5.0,22.0,0.0,b
1415,3.0,Guido,1706,2,scarpe,bianco,9.0,7.0,8.0,8.0,4.0,9,7,8,8,4,10.0,10.0,10.0,10.0,10.0,50.0,5.0,0.0,0.0,1.0,5.0,23.0,0.0,b
1418,3.0,Juan,87,2,guanti,violetto,8.0,2.0,5.0,2.0,7.0,8,2,6,2,7,10.0,10.0,-5.0,10.0,10.0,35.0,4.0,1.0,0.0,0.0,5.0,20.0,4.0,b
1421,3.0,Earl,1719,2,cappello,giallo,3.0,4.0,10.0,10.0,3.0,3,4,8,3,3,10.0,10.0,0.0,0.0,10.0,30.0,3.0,0.0,2.0,0.0,5.0,23.0,0.0,b
1423,3.0,Prometeo,1802,2,pantaloni,violetto,10.0,10.0,7.0,6.0,10.0,1,4,7,5,1,0.0,0.0,10.0,-5.0,0.0,5.0,1.0,1.0,3.0,0.0,5.0,10.0,3.0,b
1424,3.0,Derek,1759,2,scarpe,rosso,10.0,9.0,6.0,1.0,1.0,7,9,6,1,1,0.0,10.0,10.0,10.0,10.0,40.0,4.0,0.0,1.0,0.0,5.0,17.0,1.0,b
1428,3.0,Laerte,1476,2,felpa,celeste,2.0,4.0,1.0,3.0,7.0,9,6,2,8,9,-5.0,-5.0,-5.0,-5.0,-5.0,-25.0,0.0,5.0,0.0,0.0,5.0,6.0,9.0,b
1429,3.0,Giammarco,806,2,cappello,verde,4.0,5.0,10.0,6.0,10.0,4,5,5,6,9,10.0,10.0,0.0,10.0,0.0,30.0,3.0,0.0,2.0,1.0,5.0,9.0,1.0,b
1431,3.0,Eric,212,2,guanti,blu,10.0,10.0,10.0,10.0,5.0,8,3,5,9,5,0.0,0.0,0.0,0.0,10.0,10.0,1.0,0.0,4.0,0.0,5.0,17.0,0.0,b
1439,3.0,Guido,1742,2,felpa,violetto,9.0,7.0,8.0,8.0,4.0,9,7,8,8,4,10.0,10.0,10.0,10.0,10.0,50.0,5.0,0.0,0.0,1.0,5.0,23.0,0.0,c
1440,3.0,Giammarco,1434,2,pantaloni,blu,10.0,10.0,5.0,10.0,10.0,4,5,5,6,9,0.0,0.0,10.0,0.0,0.0,10.0,1.0,0.0,4.0,0.0,5.0,9.0,1.0,c
1441,3.0,Prometeo,1810,2,felpa,verde,7.0,4.0,10.0,10.0,1.0,1,4,7,5,1,-5.0,10.0,0.0,0.0,10.0,15.0,2.0,1.0,2.0,0.0,5.0,10.0,3.0,c
1446,3.0,Perry,967,2,cappello,celeste,6.0,10.0,10.0,10.0,1.0,6,4,2,1,1,10.0,0.0,0.0,0.0,10.0,20.0,2.0,0.0,3.0,1.0,5.0,7.0,2.0,c
1447,3.0,Derek,1924,2,guanti,rosso,7.0,9.0,6.0,4.0,1.0,7,9,6,1,1,10.0,10.0,10.0,-5.0,10.0,35.0,4.0,1.0,0.0,0.0,5.0,17.0,1.0,c
1451,3.0,Juan,905,2,cappello,bianco,8.0,2.0,5.0,2.0,7.0,8,2,6,2,7,10.0,10.0,-5.0,10.0,10.0,35.0,4.0,1.0,0.0,0.0,5.0,20.0,4.0,c
1455,3.0,Enrique,2115,2,felpa,celeste,4.0,6.0,9.0,9.0,7.0,4,6,9,9,7,10.0,10.0,10.0,10.0,10.0,50.0,5.0,0.0,0.0,1.0,5.0,22.0,0.0,c
1464,3.0,Laerte,453,2,pantaloni,arancione,1.0,10.0,2.0,3.0,10.0,9,6,2,8,9,-5.0,0.0,10.0,-5.0,0.0,0.0,1.0,2.0,2.0,0.0,5.0,6.0,9.0,c
1467,3.0,Earl,1951,2,scarpe,giallo,3.0,4.0,8.0,3.0,3.0,3,4,8,3,3,10.0,10.0,10.0,10.0,10.0,50.0,5.0,0.0,0.0,1.0,5.0,23.0,0.0,c
1469,3.0,Ezio,1114,2,scarpe,bianco,8.0,6.0,1.0,8.0,7.0,8,6,1,8,7,10.0,10.0,10.0,10.0,10.0,50.0,5.0,0.0,0.0,1.0,5.0,25.0,0.0,c
1473,3.0,Dwayne,956,2,pantaloni,violetto,10.0,10.0,7.0,6.0,3.0,8,6,7,6,3,0.0,0.0,10.0,10.0,10.0,30.0,3.0,0.0,2.0,1.0,5.0,11.0,0.0,c
1475,3.0,Lisandro,170,2,scarpe,nero,1.0,8.0,9.0,9.0,7.0,1,8,9,9,7,10.0,10.0,10.0,10.0,10.0,50.0,5.0,0.0,0.0,1.0,5.0,25.0,0.0,c
1476,3.0,Eric,606,2,felpa,giallo,8.0,3.0,5.0,9.0,10.0,8,3,5,9,5,10.0,10.0,10.0,10.0,0.0,40.0,4.0,0.0,1.0,1.0,5.0,17.0,0.0,c
1478,3.0,Terrance,177,2,felpa,rosso,4.0,1.0,8.0,10.0,10.0,4,1,8,6,7,10.0,10.0,10.0,0.0,0.0,30.0,3.0,0.0,2.0,1.0,5.0,12.0,0.0,c
1482,3.0,Prometeo,1671,2,cappello,rosso,1.0,4.0,10.0,10.0,1.0,1,4,7,5,1,10.0,10.0,0.0,0.0,10.0,30.0,3.0,0.0,2.0,1.0,5.0,10.0,3.0,d
1483,3.0,Lisandro,183,2,cappello,rosso,1.0,8.0,9.0,9.0,7.0,1,8,9,9,7,10.0,10.0,10.0,10.0,10.0,50.0,5.0,0.0,0.0,1.0,5.0,25.0,0.0,d
1487,3.0,Earl,1805,2,pantaloni,bianco,3.0,4.0,8.0,3.0,3.0,3,4,8,3,3,10.0,10.0,10.0,10.0,10.0,50.0,5.0,0.0,0.0,1.0,5.0,23.0,0.0,d
1488,3.0,Dwayne,963,2,scarpe,celeste,10.0,10.0,7.0,6.0,3.0,8,6,7,6,3,0.0,0.0,10.0,10.0,10.0,30.0,3.0,0.0,2.0,1.0,5.0,11.0,0.0,d
1496,3.0,Guido,1677,2,pantaloni,bianco,10.0,7.0,8.0,10.0,4.0,9,7,8,8,4,0.0,10.0,10.0,0.0,10.0,30.0,3.0,0.0,2.0,0.0,5.0,23.0,0.0,d
1497,3.0,Juan,915,2,scarpe,arancione,8.0,2.0,10.0,2.0,7.0,8,2,6,2,7,10.0,10.0,0.0,10.0,10.0,40.0,4.0,0.0,1.0,1.0,5.0,20.0,4.0,d
1500,3.0,Ezio,1130,2,pantaloni,rosso,8.0,6.0,1.0,8.0,7.0,8,6,1,8,7,10.0,10.0,10.0,10.0,10.0,50.0,5.0,0.0,0.0,1.0,5.0,25.0,0.0,d
1501,3.0,Terrance,163,2,pantaloni,bianco,4.0,1.0,8.0,10.0,10.0,4,1,8,6,7,10.0,10.0,10.0,0.0,0.0,30.0,3.0,0.0,2.0,1.0,5.0,12.0,0.0,d
1503,3.0,Perry,961,2,pantaloni,arancione,6.0,10.0,2.0,10.0,10.0,6,4,2,1,1,10.0,0.0,10.0,0.0,0.0,20.0,2.0,0.0,3.0,1.0,5.0,7.0,2.0,d
1504,3.0,Enrique,2109,2,guanti,violetto,4.0,6.0,9.0,9.0,7.0,4,6,9,9,7,10.0,10.0,10.0,10.0,10.0,50.0,5.0,0.0,0.0,1.0,5.0,22.0,0.0,d
1505,3.0,Eric,595,2,scarpe,nero,8.0,3.0,5.0,9.0,10.0,8,3,5,9,5,10.0,10.0,10.0,10.0,0.0,40.0,4.0,0.0,1.0,1.0,5.0,17.0,0.0,d
1512,3.0,Giammarco,1599,2,guanti,nero,10.0,10.0,10.0,10.0,9.0,4,5,5,6,9,0.0,0.0,0.0,0.0,10.0,10.0,1.0,0.0,4.0,0.0,5.0,9.0,1.0,d
1513,3.0,Laerte,445,2,scarpe,bianco,1.0,10.0,5.0,8.0,10.0,9,6,2,8,9,-5.0,0.0,-5.0,10.0,0.0,0.0,1.0,2.0,2.0,0.0,5.0,6.0,9.0,d
1516,3.0,Derek,1967,2,cappello,violetto,7.0,10.0,10.0,10.0,10.0,7,9,6,1,1,10.0,0.0,0.0,0.0,0.0,10.0,1.0,0.0,4.0,0.0,5.0,17.0,1.0,d
1526,3.0,Derek,1772,2,felpa,nero,7.0,9.0,6.0,1.0,1.0,7,9,6,1,1,10.0,10.0,10.0,10.0,10.0,50.0,5.0,0.0,0.0,1.0,5.0,17.0,1.0,e
1535,3.0,Perry,1007,2,felpa,verde,10.0,4.0,6.0,9.0,10.0,6,4,2,1,1,0.0,10.0,-5.0,-5.0,0.0,0.0,1.0,2.0,2.0,0.0,5.0,7.0,2.0,e
1538,3.0,Lisandro,171,2,felpa,bianco,1.0,8.0,9.0,9.0,7.0,1,8,9,9,7,10.0,10.0,10.0,10.0,10.0,50.0,5.0,0.0,0.0,1.0,5.0,25.0,0.0,e
1540,3.0,Guido,1950,2,guanti,verde,9.0,7.0,8.0,8.0,4.0,9,7,8,8,4,10.0,10.0,10.0,10.0,10.0,50.0,5.0,0.0,0.0,1.0,5.0,23.0,0.0,e
1541,3.0,Ezio,1116,2,guanti,violetto,8.0,6.0,1.0,8.0,7.0,8,6,1,8,7,10.0,10.0,10.0,10.0,10.0,50.0,5.0,0.0,0.0,1.0,5.0,25.0,0.0,e
1543,3.0,Enrique,2106,2,cappello,verde,4.0,6.0,9.0,9.0,7.0,4,6,9,9,7,10.0,10.0,10.0,10.0,10.0,50.0,5.0,0.0,0.0,1.0,5.0,22.0,0.0,e
1545,3.0,Terrance,176,2,cappello,verde,4.0,1.0,8.0,10.0,10.0,4,1,8,6,7,10.0,10.0,10.0,0.0,0.0,30.0,3.0,0.0,2.0,1.0,5.0,12.0,0.0,e
1547,3.0,Juan,2,2,felpa,arancione,8.0,2.0,4.0,2.0,7.0,8,2,6,2,7,10.0,10.0,-5.0,10.0,10.0,35.0,4.0,1.0,0.0,0.0,5.0,20.0,4.0,e
1550,3.0,Earl,1993,2,felpa,verde,3.0,4.0,8.0,3.0,3.0,3,4,8,3,3,10.0,10.0,10.0,10.0,10.0,50.0,5.0,0.0,0.0,1.0,5.0,23.0,0.0,e
1554,3.0,Giammarco,800,2,felpa,blu,10.0,5.0,10.0,5.0,10.0,4,5,5,6,9,0.0,10.0,0.0,-5.0,0.0,5.0,1.0,1.0,3.0,0.0,5.0,9.0,1.0,e
1558,3.0,Dwayne,971,2,guanti,giallo,10.0,10.0,7.0,6.0,3.0,8,6,7,6,3,0.0,0.0,10.0,10.0,10.0,30.0,3.0,0.0,2.0,1.0,5.0,11.0,0.0,e
1560,3.0,Laerte,459,2,cappello,nero,9.0,10.0,2.0,8.0,10.0,9,6,2,8,9,10.0,0.0,10.0,10.0,0.0,30.0,3.0,0.0,2.0,1.0,5.0,6.0,9.0,e
1562,3.0,Eric,617,2,pantaloni,blu,8.0,3.0,5.0,9.0,10.0,8,3,5,9,5,10.0,10.0,10.0,10.0,0.0,40.0,4.0,0.0,1.0,1.0,5.0,17.0,0.0,e
1564,3.0,Prometeo,1980,2,guanti,rosso,7.0,4.0,10.0,10.0,1.0,1,4,7,5,1,-5.0,10.0,0.0,0.0,10.0,15.0,2.0,1.0,2.0,0.0,5.0,10.0,3.0,e
1565,3.0,Manuel,897,3,scarpe,violetto,1.0,3.0,5.0,7.0,2.0,1,3,5,7,2,10.0,10.0,10.0,10.0,10.0,50.0,5.0,0.0,0.0,1.0,5.0,25.0,0.0,a
1567,3.0,Bob,2061,3,guanti,celeste,6.0,7.0,5.0,5.0,6.0,6,7,5,5,6,10.0,10.0,10.0,10.0,10.0,50.0,5.0,0.0,0.0,1.0,5.0,24.0,0.0,a
1568,3.0,Omar,794,3,cappello,celeste,6.0,5.0,10.0,3.0,10.0,6,5,8,3,9,10.0,10.0,0.0,10.0,0.0,30.0,3.0,0.0,2.0,0.0,5.0,18.0,0.0,a
1573,3.0,Massimo,906,3,guanti,blu,10.0,9.0,8.0,3.0,5.0,1,9,8,3,5,0.0,10.0,10.0,10.0,10.0,40.0,4.0,0.0,1.0,1.0,5.0,20.0,1.0,a
1580,3.0,Gianni,965,3,pantaloni,rosso,10.0,10.0,1.0,10.0,10.0,2,6,1,6,2,0.0,0.0,10.0,0.0,0.0,10.0,1.0,0.0,4.0,0.0,5.0,10.0,1.0,a
1584,3.0,Armando,2058,3,cappello,arancione,2.0,5.0,4.0,9.0,7.0,2,5,4,9,7,10.0,10.0,10.0,10.0,10.0,50.0,5.0,0.0,0.0,1.0,5.0,20.0,3.0,a
1587,3.0,Ugo,2241,3,cappello,bianco,8.0,2.0,6.0,6.0,3.0,8,2,6,6,3,10.0,10.0,10.0,10.0,10.0,50.0,5.0,0.0,0.0,1.0,5.0,21.0,1.0,a
1588,3.0,Luigi,2128,3,scarpe,bianco,4.0,7.0,6.0,8.0,4.0,4,7,6,8,4,10.0,10.0,10.0,10.0,10.0,50.0,5.0,0.0,0.0,1.0,5.0,24.0,0.0,a
1589,3.0,Valerio,1748,3,cappello,rosso,1.0,10.0,10.0,10.0,9.0,1,4,3,9,9,10.0,0.0,0.0,0.0,10.0,20.0,2.0,0.0,3.0,0.0,5.0,13.0,0.0,a
1591,3.0,Johnny,552,3,scarpe,arancione,1.0,6.0,4.0,2.0,3.0,6,5,3,2,6,-5.0,-5.0,-5.0,10.0,-5.0,-10.0,1.0,4.0,0.0,0.0,5.0,7.0,14.0,a
1592,3.0,Bill,1795,3,cappello,violetto,7.0,10.0,8.0,9.0,4.0,7,7,8,9,4,10.0,0.0,10.0,10.0,10.0,40.0,4.0,0.0,1.0,1.0,5.0,19.0,1.0,a
1596,3.0,Corey,21,3,cappello,celeste,6.0,7.0,10.0,10.0,10.0,6,7,7,1,9,10.0,10.0,0.0,0.0,0.0,20.0,2.0,0.0,3.0,0.0,5.0,13.0,0.0,a
1597,3.0,Patrizio,1682,3,guanti,rosso,10.0,2.0,3.0,5.0,1.0,4,2,3,5,1,0.0,10.0,10.0,10.0,10.0,40.0,4.0,0.0,1.0,0.0,5.0,23.0,0.0,a
1600,3.0,Hugh,545,3,felpa,bianco,4.0,8.0,8.0,5.0,4.0,4,8,8,5,4,10.0,10.0,10.0,10.0,10.0,50.0,5.0,0.0,0.0,1.0,5.0,22.0,3.0,a
1601,3.0,Joe,1777,3,pantaloni,giallo,2.0,10.0,3.0,6.0,9.0,2,6,3,6,9,10.0,0.0,10.0,10.0,10.0,40.0,4.0,0.0,1.0,1.0,5.0,19.0,2.0,a
1610,3.0,Valerio,1926,3,guanti,nero,1.0,10.0,10.0,10.0,9.0,1,4,3,9,9,10.0,0.0,0.0,0.0,10.0,20.0,2.0,0.0,3.0,0.0,5.0,13.0,0.0,b
1611,3.0,Massimo,896,3,scarpe,giallo,10.0,9.0,8.0,3.0,5.0,1,9,8,3,5,0.0,10.0,10.0,10.0,10.0,40.0,4.0,0.0,1.0,1.0,5.0,20.0,1.0,b
1612,3.0,Gianni,959,3,scarpe,celeste,10.0,10.0,10.0,6.0,10.0,2,6,1,6,2,0.0,0.0,0.0,10.0,0.0,10.0,1.0,0.0,4.0,0.0,5.0,10.0,1.0,b
1617,3.0,Bill,1915,3,pantaloni,bianco,7.0,10.0,8.0,9.0,4.0,7,7,8,9,4,10.0,0.0,10.0,10.0,10.0,40.0,4.0,0.0,1.0,1.0,5.0,19.0,1.0,b
1618,3.0,Hugh,543,3,guanti,verde,4.0,8.0,8.0,5.0,4.0,4,8,8,5,4,10.0,10.0,10.0,10.0,10.0,50.0,5.0,0.0,0.0,1.0,5.0,22.0,3.0,b
1624,3.0,Johnny,325,3,felpa,blu,6.0,5.0,4.0,1.0,3.0,6,5,3,2,6,10.0,10.0,-5.0,-5.0,-5.0,5.0,2.0,3.0,0.0,0.0,5.0,7.0,14.0,b
1625,3.0,Joe,1909,3,guanti,nero,2.0,10.0,6.0,6.0,9.0,2,6,3,6,9,10.0,0.0,-5.0,10.0,10.0,25.0,3.0,1.0,1.0,0.0,5.0,19.0,2.0,b
1626,3.0,Omar,813,3,felpa,blu,6.0,5.0,10.0,3.0,9.0,6,5,8,3,9,10.0,10.0,0.0,10.0,10.0,40.0,4.0,0.0,1.0,0.0,5.0,18.0,0.0,b
1632,3.0,Ugo,2236,3,guanti,giallo,8.0,2.0,6.0,6.0,3.0,8,2,6,6,3,10.0,10.0,10.0,10.0,10.0,50.0,5.0,0.0,0.0,1.0,5.0,21.0,1.0,b
1643,3.0,Bob,2086,3,felpa,violetto,6.0,7.0,5.0,5.0,6.0,6,7,5,5,6,10.0,10.0,10.0,10.0,10.0,50.0,5.0,0.0,0.0,1.0,5.0,24.0,0.0,b
1646,3.0,Patrizio,1891,3,felpa,arancione,10.0,2.0,3.0,5.0,1.0,4,2,3,5,1,0.0,10.0,10.0,10.0,10.0,40.0,4.0,0.0,1.0,0.0,5.0,23.0,0.0,b
1647,3.0,Armando,2041,3,scarpe,nero,2.0,5.0,4.0,9.0,7.0,2,5,4,9,7,10.0,10.0,10.0,10.0,10.0,50.0,5.0,0.0,0.0,1.0,5.0,20.0,3.0,b
1648,3.0,Luigi,2117,3,guanti,verde,4.0,7.0,6.0,8.0,4.0,4,7,6,8,4,10.0,10.0,10.0,10.0,10.0,50.0,5.0,0.0,0.0,1.0,5.0,24.0,0.0,b
1651,3.0,Manuel,898,3,felpa,giallo,1.0,3.0,5.0,7.0,2.0,1,3,5,7,2,10.0,10.0,10.0,10.0,10.0,50.0,5.0,0.0,0.0,1.0,5.0,25.0,0.0,b
1652,3.0,Corey,25,3,felpa,violetto,6.0,7.0,10.0,10.0,10.0,6,7,7,1,9,10.0,10.0,0.0,0.0,0.0,20.0,2.0,0.0,3.0,0.0,5.0,13.0,0.0,b
1656,3.0,Bill,1919,3,felpa,violetto,10.0,7.0,8.0,9.0,4.0,7,7,8,9,4,0.0,10.0,10.0,10.0,10.0,40.0,4.0,0.0,1.0,1.0,5.0,19.0,1.0,c
1657,3.0,Armando,1996,3,pantaloni,verde,3.0,5.0,4.0,9.0,7.0,2,5,4,9,7,-5.0,10.0,10.0,10.0,10.0,35.0,4.0,1.0,0.0,0.0,5.0,20.0,3.0,c
1660,3.0,Ugo,2105,3,pantaloni,celeste,10.0,10.0,6.0,6.0,3.0,8,2,6,6,3,0.0,0.0,10.0,10.0,10.0,30.0,3.0,0.0,2.0,0.0,5.0,21.0,1.0,c
1661,3.0,Massimo,379,3,felpa,nero,10.0,9.0,8.0,3.0,5.0,1,9,8,3,5,0.0,10.0,10.0,10.0,10.0,40.0,4.0,0.0,1.0,1.0,5.0,20.0,1.0,c
1664,3.0,Omar,1417,3,guanti,nero,6.0,5.0,8.0,3.0,9.0,6,5,8,3,9,10.0,10.0,10.0,10.0,10.0,50.0,5.0,0.0,0.0,1.0,5.0,18.0,0.0,c
1667,3.0,Hugh,619,3,scarpe,blu,4.0,8.0,8.0,5.0,1.0,4,8,8,5,4,10.0,10.0,10.0,10.0,-5.0,35.0,4.0,1.0,0.0,0.0,5.0,22.0,3.0,c
1674,3.0,Joe,1890,3,scarpe,celeste,2.0,6.0,6.0,6.0,9.0,2,6,3,6,9,10.0,10.0,-5.0,10.0,10.0,35.0,4.0,1.0,0.0,0.0,5.0,19.0,2.0,c
1677,3.0,Valerio,2029,3,felpa,verde,10.0,4.0,3.0,9.0,10.0,1,4,3,9,9,0.0,10.0,10.0,10.0,0.0,30.0,3.0,0.0,2.0,1.0,5.0,13.0,0.0,c
1679,3.0,Johnny,341,3,cappello,celeste,4.0,5.0,2.0,9.0,7.0,6,5,3,2,6,-5.0,10.0,-5.0,-5.0,-5.0,-10.0,1.0,4.0,0.0,0.0,5.0,7.0,14.0,c
1683,3.0,Bob,2098,3,scarpe,blu,6.0,7.0,5.0,5.0,6.0,6,7,5,5,6,10.0,10.0,10.0,10.0,10.0,50.0,5.0,0.0,0.0,1.0,5.0,24.0,0.0,c
1684,3.0,Luigi,2069,3,cappello,verde,4.0,7.0,10.0,8.0,4.0,4,7,6,8,4,10.0,10.0,0.0,10.0,10.0,40.0,4.0,0.0,1.0,0.0,5.0,24.0,0.0,c
1690,3.0,Corey,1287,3,pantaloni,violetto,10.0,10.0,7.0,1.0,9.0,6,7,7,1,9,0.0,0.0,10.0,10.0,10.0,30.0,3.0,0.0,2.0,1.0,5.0,13.0,0.0,c
1693,3.0,Gianni,179,3,felpa,celeste,2.0,6.0,10.0,10.0,2.0,2,6,1,6,2,10.0,10.0,0.0,0.0,10.0,30.0,3.0,0.0,2.0,1.0,5.0,10.0,1.0,c
1695,3.0,Patrizio,1898,3,cappello,verde,4.0,2.0,3.0,5.0,1.0,4,2,3,5,1,10.0,10.0,10.0,10.0,10.0,50.0,5.0,0.0,0.0,1.0,5.0,23.0,0.0,c
1697,3.0,Manuel,1249,3,guanti,arancione,1.0,3.0,5.0,7.0,2.0,1,3,5,7,2,10.0,10.0,10.0,10.0,10.0,50.0,5.0,0.0,0.0,1.0,5.0,25.0,0.0,c
1708,3.0,Corey,1290,3,guanti,nero,10.0,10.0,7.0,1.0,9.0,6,7,7,1,9,0.0,0.0,10.0,10.0,10.0,30.0,3.0,0.0,2.0,1.0,5.0,13.0,0.0,d
1713,3.0,Luigi,2075,3,felpa,violetto,4.0,7.0,6.0,8.0,4.0,4,7,6,8,4,10.0,10.0,10.0,10.0,10.0,50.0,5.0,0.0,0.0,1.0,5.0,24.0,0.0,d
1721,3.0,Patrizio,1769,3,pantaloni,giallo,4.0,2.0,3.0,5.0,1.0,4,2,3,5,1,10.0,10.0,10.0,10.0,10.0,50.0,5.0,0.0,0.0,1.0,5.0,23.0,0.0,d
1723,3.0,Bob,2097,3,cappello,celeste,6.0,7.0,5.0,5.0,6.0,6,7,5,5,6,10.0,10.0,10.0,10.0,10.0,50.0,5.0,0.0,0.0,1.0,5.0,24.0,0.0,d
1724,3.0,Bill,1978,3,guanti,verde,5.0,7.0,8.0,9.0,4.0,7,7,8,9,4,-5.0,10.0,10.0,10.0,10.0,35.0,4.0,1.0,0.0,0.0,5.0,19.0,1.0,d
1728,3.0,Manuel,1263,3,cappello,rosso,1.0,3.0,5.0,7.0,2.0,1,3,5,7,2,10.0,10.0,10.0,10.0,10.0,50.0,5.0,0.0,0.0,1.0,5.0,25.0,0.0,d
1730,3.0,Massimo,378,3,cappello,rosso,4.0,9.0,8.0,3.0,5.0,1,9,8,3,5,-5.0,10.0,10.0,10.0,10.0,35.0,4.0,1.0,0.0,0.0,5.0,20.0,1.0,d
1732,3.0,Armando,1907,3,felpa,blu,3.0,5.0,4.0,9.0,7.0,2,5,4,9,7,-5.0,10.0,10.0,10.0,10.0,35.0,4.0,1.0,0.0,0.0,5.0,20.0,3.0,d
1735,3.0,Joe,1744,3,felpa,celeste,2.0,6.0,10.0,6.0,9.0,2,6,3,6,9,10.0,10.0,0.0,10.0,10.0,40.0,4.0,0.0,1.0,1.0,5.0,19.0,2.0,d
1736,3.0,Gianni,174,3,cappello,arancione,2.0,5.0,10.0,10.0,2.0,2,6,1,6,2,10.0,-5.0,0.0,0.0,10.0,15.0,2.0,1.0,2.0,0.0,5.0,10.0,1.0,d
1740,3.0,Omar,1532,3,pantaloni,bianco,10.0,10.0,8.0,10.0,10.0,6,5,8,3,9,0.0,0.0,10.0,0.0,0.0,10.0,1.0,0.0,4.0,0.0,5.0,18.0,0.0,d
1741,3.0,Hugh,603,3,cappello,verde,4.0,8.0,8.0,5.0,1.0,4,8,8,5,4,10.0,10.0,10.0,10.0,-5.0,35.0,4.0,1.0,0.0,0.0,5.0,22.0,3.0,d
1742,3.0,Valerio,1925,3,scarpe,nero,10.0,4.0,3.0,9.0,10.0,1,4,3,9,9,0.0,10.0,10.0,10.0,0.0,30.0,3.0,0.0,2.0,1.0,5.0,13.0,0.0,d
1743,3.0,Ugo,2087,3,felpa,arancione,10.0,2.0,6.0,6.0,3.0,8,2,6,6,3,0.0,10.0,10.0,10.0,10.0,40.0,4.0,0.0,1.0,0.0,5.0,21.0,1.0,d
1744,3.0,Johnny,234,3,pantaloni,giallo,8.0,5.0,3.0,4.0,1.0,6,5,3,2,6,-5.0,10.0,10.0,-5.0,-5.0,5.0,2.0,3.0,0.0,0.0,5.0,7.0,14.0,d
1749,3.0,Bill,1683,3,scarpe,nero,10.0,10.0,8.0,9.0,4.0,7,7,8,9,4,0.0,0.0,10.0,10.0,10.0,30.0,3.0,0.0,2.0,0.0,5.0,19.0,1.0,e
1750,3.0,Joe,1901,3,cappello,arancione,2.0,6.0,10.0,6.0,9.0,2,6,3,6,9,10.0,10.0,0.0,10.0,10.0,40.0,4.0,0.0,1.0,1.0,5.0,19.0,2.0,e
1752,3.0,Johnny,557,3,guanti,celeste,10.0,10.0,10.0,10.0,6.0,6,5,3,2,6,0.0,0.0,0.0,0.0,10.0,10.0,1.0,0.0,4.0,1.0,5.0,7.0,14.0,e
1757,3.0,Massimo,383,3,pantaloni,bianco,10.0,9.0,8.0,3.0,5.0,1,9,8,3,5,0.0,10.0,10.0,10.0,10.0,40.0,4.0,0.0,1.0,1.0,5.0,20.0,1.0,e
1758,3.0,Patrizio,1689,3,scarpe,blu,4.0,2.0,3.0,5.0,1.0,4,2,3,5,1,10.0,10.0,10.0,10.0,10.0,50.0,5.0,0.0,0.0,1.0,5.0,23.0,0.0,e
1762,3.0,Armando,1956,3,guanti,violetto,10.0,5.0,8.0,10.0,7.0,2,5,4,9,7,0.0,10.0,-5.0,0.0,10.0,15.0,2.0,1.0,2.0,0.0,5.0,20.0,3.0,e
1763,3.0,Hugh,613,3,pantaloni,bianco,4.0,8.0,8.0,5.0,1.0,4,8,8,5,4,10.0,10.0,10.0,10.0,-5.0,35.0,4.0,1.0,0.0,0.0,5.0,22.0,3.0,e
1769,3.0,Corey,1296,3,scarpe,rosso,10.0,10.0,7.0,1.0,9.0,6,7,7,1,9,0.0,0.0,10.0,10.0,10.0,30.0,3.0,0.0,2.0,1.0,5.0,13.0,0.0,e
1770,3.0,Ugo,2104,3,scarpe,celeste,3.0,2.0,6.0,6.0,3.0,8,2,6,6,3,-5.0,10.0,10.0,10.0,10.0,35.0,4.0,1.0,0.0,0.0,5.0,21.0,1.0,e
1772,3.0,Omar,1415,3,scarpe,giallo,6.0,5.0,8.0,3.0,9.0,6,5,8,3,9,10.0,10.0,10.0,10.0,10.0,50.0,5.0,0.0,0.0,1.0,5.0,18.0,0.0,e
1773,3.0,Valerio,1861,3,pantaloni,giallo,10.0,4.0,3.0,9.0,10.0,1,4,3,9,9,0.0,10.0,10.0,10.0,0.0,30.0,3.0,0.0,2.0,1.0,5.0,13.0,0.0,e
1779,3.0,Luigi,2070,3,pantaloni,celeste,4.0,7.0,6.0,8.0,4.0,4,7,6,8,4,10.0,10.0,10.0,10.0,10.0,50.0,5.0,0.0,0.0,1.0,5.0,24.0,0.0,e
1780,3.0,Bob,2093,3,pantaloni,blu,10.0,7.0,5.0,5.0,6.0,6,7,5,5,6,0.0,10.0,10.0,10.0,10.0,40.0,4.0,0.0,1.0,0.0,5.0,24.0,0.0,e
1781,3.0,Gianni,180,3,guanti,arancione,2.0,6.0,10.0,10.0,2.0,2,6,1,6,2,10.0,10.0,0.0,0.0,10.0,30.0,3.0,0.0,2.0,1.0,5.0,10.0,1.0,e
1789,3.0,Manuel,1244,3,pantaloni,blu,1.0,3.0,5.0,7.0,2.0,1,3,5,7,2,10.0,10.0,10.0,10.0,10.0,50.0,5.0,0.0,0.0,1.0,5.0,25.0,0.0,e
